time_s,time_mmss,standard_temp_C,lower_limit_C,upper_limit_C,cure_threshold
0,00:00,35.8,25.8,45.8,120.0
1,00:01,35.2,25.2,45.2,120.0
2,00:02,34.2,24.2,44.2,120.0
3,00:03,35.3,25.3,45.3,120.0
4,00:04,34.9,24.9,44.9,120.0
5,00:05,35.1,25.1,45.1,120.0
6,00:06,36.0,26.0,46.0,120.0
7,00:07,34.2,24.2,44.2,120.0
8,00:08,35.2,25.2,45.2,120.0
9,00:09,34.0,24.0,44.0,120.0
10,00:10,34.8,24.8,44.8,120.0
11,00:11,35.0,25.0,45.0,120.0
12,00:12,36.4,26.4,46.4,120.0
13,00:13,34.8,24.8,44.8,120.0
14,00:14,35.2,25.2,45.2,120.0
15,00:15,34.5,24.5,44.5,120.0
16,00:16,34.6,24.6,44.6,120.0
17,00:17,35.0,25.0,45.0,120.0
18,00:18,34.8,24.8,44.8,120.0
19,00:19,33.4,23.4,43.4,120.0
20,00:20,35.7,25.7,45.7,120.0
21,00:21,34.1,24.1,44.1,120.0
22,00:22,34.8,24.8,44.8,120.0
23,00:23,34.9,24.9,44.9,120.0
24,00:24,35.7,25.7,45.7,120.0
25,00:25,35.0,25.0,45.0,120.0
26,00:26,33.6,23.6,43.6,120.0
27,00:27,36.0,26.0,46.0,120.0
28,00:28,35.7,25.7,45.7,120.0
29,00:29,34.8,24.8,44.8,120.0
30,00:30,34.9,24.9,44.9,120.0
31,00:31,34.8,24.8,44.8,120.0
32,00:32,34.8,24.8,44.8,120.0
33,00:33,34.7,24.7,44.7,120.0
34,00:34,35.0,25.0,45.0,120.0
35,00:35,35.2,25.2,45.2,120.0
36,00:36,35.5,25.5,45.5,120.0
37,00:37,34.4,24.4,44.4,120.0
38,00:38,35.0,25.0,45.0,120.0
39,00:39,34.3,24.3,44.3,120.0
40,00:40,35.2,25.2,45.2,120.0
41,00:41,34.2,24.2,44.2,120.0
42,00:42,35.6,25.6,45.6,120.0
43,00:43,34.5,24.5,44.5,120.0
44,00:44,34.3,24.3,44.3,120.0
45,00:45,35.0,25.0,45.0,120.0
46,00:46,36.0,26.0,46.0,120.0
47,00:47,35.5,25.5,45.5,120.0
48,00:48,34.2,24.2,44.2,120.0
49,00:49,34.5,24.5,44.5,120.0
50,00:50,35.0,25.0,45.0,120.0
51,00:51,36.3,26.3,46.3,120.0
52,00:52,34.7,24.7,44.7,120.0
53,00:53,34.8,24.8,44.8,120.0
54,00:54,36.0,26.0,46.0,120.0
55,00:55,35.3,25.3,45.3,120.0
56,00:56,35.8,25.8,45.8,120.0
57,00:57,34.9,24.9,44.9,120.0
58,00:58,35.2,25.2,45.2,120.0
59,00:59,35.9,25.9,45.9,120.0
60,01:00,35.2,25.2,45.2,120.0
61,01:01,35.8,25.8,45.8,120.0
62,01:02,35.5,25.5,45.5,120.0
63,01:03,34.8,24.8,44.8,120.0
64,01:04,35.3,25.3,45.3,120.0
65,01:05,35.8,25.8,45.8,120.0
66,01:06,35.7,25.7,45.7,120.0
67,01:07,35.3,25.3,45.3,120.0
68,01:08,34.4,24.4,44.4,120.0
69,01:09,34.5,24.5,44.5,120.0
70,01:10,34.6,24.6,44.6,120.0
71,01:11,35.1,25.1,45.1,120.0
72,01:12,35.2,25.2,45.2,120.0
73,01:13,34.7,24.7,44.7,120.0
74,01:14,35.9,25.9,45.9,120.0
75,01:15,34.8,24.8,44.8,120.0
76,01:16,34.7,24.7,44.7,120.0
77,01:17,35.5,25.5,45.5,120.0
78,01:18,35.9,25.9,45.9,120.0
79,01:19,36.5,26.5,46.5,120.0
80,01:20,35.8,25.8,45.8,120.0
81,01:21,36.3,26.3,46.3,120.0
82,01:22,34.9,24.9,44.9,120.0
83,01:23,36.6,26.6,46.6,120.0
84,01:24,34.6,24.6,44.6,120.0
85,01:25,35.3,25.3,45.3,120.0
86,01:26,35.9,25.9,45.9,120.0
87,01:27,34.8,24.8,44.8,120.0
88,01:28,35.1,25.1,45.1,120.0
89,01:29,35.1,25.1,45.1,120.0
90,01:30,35.5,25.5,45.5,120.0
91,01:31,36.4,26.4,46.4,120.0
92,01:32,35.7,25.7,45.7,120.0
93,01:33,35.5,25.5,45.5,120.0
94,01:34,34.3,24.3,44.3,120.0
95,01:35,36.0,26.0,46.0,120.0
96,01:36,36.2,26.2,46.2,120.0
97,01:37,34.9,24.9,44.9,120.0
98,01:38,35.8,25.8,45.8,120.0
99,01:39,35.9,25.9,45.9,120.0
100,01:40,36.3,26.3,46.3,120.0
101,01:41,35.5,25.5,45.5,120.0
102,01:42,35.5,25.5,45.5,120.0
103,01:43,35.7,25.7,45.7,120.0
104,01:44,36.6,26.6,46.6,120.0
105,01:45,36.5,26.5,46.5,120.0
106,01:46,36.0,26.0,46.0,120.0
107,01:47,36.5,26.5,46.5,120.0
108,01:48,34.9,24.9,44.9,120.0
109,01:49,36.5,26.5,46.5,120.0
110,01:50,35.6,25.6,45.6,120.0
111,01:51,37.0,27.0,47.0,120.0
112,01:52,35.7,25.7,45.7,120.0
113,01:53,35.8,25.8,45.8,120.0
114,01:54,36.5,26.5,46.5,120.0
115,01:55,36.6,26.6,46.6,120.0
116,01:56,36.1,26.1,46.1,120.0
117,01:57,36.6,26.6,46.6,120.0
118,01:58,36.7,26.7,46.7,120.0
119,01:59,36.6,26.6,46.6,120.0
120,02:00,36.3,26.3,46.3,120.0
121,02:01,36.8,26.8,46.8,120.0
122,02:02,37.3,27.3,47.3,120.0
123,02:03,36.0,26.0,46.0,120.0
124,02:04,36.2,26.2,46.2,120.0
125,02:05,36.7,26.7,46.7,120.0
126,02:06,36.2,26.2,46.2,120.0
127,02:07,35.9,25.9,45.9,120.0
128,02:08,37.4,27.4,47.4,120.0
129,02:09,35.8,25.8,45.8,120.0
130,02:10,36.8,26.8,46.8,120.0
131,02:11,37.4,27.4,47.4,120.0
132,02:12,37.2,27.2,47.2,120.0
133,02:13,36.9,26.9,46.9,120.0
134,02:14,36.6,26.6,46.6,120.0
135,02:15,37.4,27.4,47.4,120.0
136,02:16,36.8,26.8,46.8,120.0
137,02:17,37.5,27.5,47.5,120.0
138,02:18,37.5,27.5,47.5,120.0
139,02:19,37.6,27.6,47.6,120.0
140,02:20,37.3,27.3,47.3,120.0
141,02:21,38.7,28.7,48.7,120.0
142,02:22,37.9,27.9,47.9,120.0
143,02:23,37.7,27.7,47.7,120.0
144,02:24,38.0,28.0,48.0,120.0
145,02:25,37.6,27.6,47.6,120.0
146,02:26,37.8,27.8,47.8,120.0
147,02:27,39.3,29.3,49.3,120.0
148,02:28,37.8,27.8,47.8,120.0
149,02:29,38.3,28.3,48.3,120.0
150,02:30,38.2,28.2,48.2,120.0
151,02:31,38.0,28.0,48.0,120.0
152,02:32,38.8,28.8,48.8,120.0
153,02:33,38.7,28.7,48.7,120.0
154,02:34,39.2,29.2,49.2,120.0
155,02:35,39.3,29.3,49.3,120.0
156,02:36,39.4,29.4,49.4,120.0
157,02:37,38.6,28.6,48.6,120.0
158,02:38,39.5,29.5,49.5,120.0
159,02:39,39.6,29.6,49.6,120.0
160,02:40,38.9,28.9,48.9,120.0
161,02:41,39.4,29.4,49.4,120.0
162,02:42,38.9,28.9,48.9,120.0
163,02:43,40.1,30.1,50.1,120.0
164,02:44,40.2,30.2,50.2,120.0
165,02:45,40.8,30.8,50.8,120.0
166,02:46,40.1,30.1,50.1,120.0
167,02:47,40.5,30.5,50.5,120.0
168,02:48,40.9,30.9,50.9,120.0
169,02:49,40.2,30.2,50.2,120.0
170,02:50,40.3,30.3,50.3,120.0
171,02:51,40.5,30.5,50.5,120.0
172,02:52,40.9,30.9,50.9,120.0
173,02:53,40.8,30.8,50.8,120.0
174,02:54,41.0,31.0,51.0,120.0
175,02:55,42.0,32.0,52.0,120.0
176,02:56,41.6,31.6,51.6,120.0
177,02:57,42.0,32.0,52.0,120.0
178,02:58,41.7,31.7,51.7,120.0
179,02:59,41.9,31.9,51.9,120.0
180,03:00,42.5,32.5,52.5,120.0
181,03:01,42.6,32.6,52.6,120.0
182,03:02,43.1,33.1,53.1,120.0
183,03:03,43.6,33.6,53.6,120.0
184,03:04,42.8,32.8,52.8,120.0
185,03:05,43.8,33.8,53.8,120.0
186,03:06,43.0,33.0,53.0,120.0
187,03:07,44.8,34.8,54.8,120.0
188,03:08,43.6,33.6,53.6,120.0
189,03:09,44.5,34.5,54.5,120.0
190,03:10,43.9,33.9,53.9,120.0
191,03:11,44.6,34.6,54.6,120.0
192,03:12,45.6,35.6,55.6,120.0
193,03:13,44.7,34.7,54.7,120.0
194,03:14,46.4,36.4,56.4,120.0
195,03:15,45.6,35.6,55.6,120.0
196,03:16,46.3,36.3,56.3,120.0
197,03:17,46.3,36.3,56.3,120.0
198,03:18,46.6,36.6,56.6,120.0
199,03:19,45.9,35.9,55.9,120.0
200,03:20,46.6,36.6,56.6,120.0
201,03:21,47.7,37.7,57.7,120.0
202,03:22,47.2,37.2,57.2,120.0
203,03:23,47.8,37.8,57.8,120.0
204,03:24,47.2,37.2,57.2,120.0
205,03:25,48.0,38.0,58.0,120.0
206,03:26,49.1,39.1,59.1,120.0
207,03:27,48.2,38.2,58.2,120.0
208,03:28,49.5,39.5,59.5,120.0
209,03:29,49.5,39.5,59.5,120.0
210,03:30,49.6,39.6,59.6,120.0
211,03:31,49.9,39.9,59.9,120.0
212,03:32,50.1,40.1,60.1,120.0
213,03:33,50.5,40.5,60.5,120.0
214,03:34,51.5,41.5,61.5,120.0
215,03:35,51.1,41.1,61.1,120.0
216,03:36,52.6,42.6,62.6,120.0
217,03:37,52.2,42.2,62.2,120.0
218,03:38,52.1,42.1,62.1,120.0
219,03:39,53.2,43.2,63.2,120.0
220,03:40,53.4,43.4,63.4,120.0
221,03:41,52.6,42.6,62.6,120.0
222,03:42,53.2,43.2,63.2,120.0
223,03:43,54.1,44.1,64.1,120.0
224,03:44,53.7,43.7,63.7,120.0
225,03:45,55.9,45.9,65.9,120.0
226,03:46,55.6,45.6,65.6,120.0
227,03:47,55.6,45.6,65.6,120.0
228,03:48,55.8,45.8,65.8,120.0
229,03:49,56.0,46.0,66.0,120.0
230,03:50,55.7,45.7,65.7,120.0
231,03:51,56.2,46.2,66.2,120.0
232,03:52,58.4,48.4,68.4,120.0
233,03:53,58.7,48.7,68.7,120.0
234,03:54,58.0,48.0,68.0,120.0
235,03:55,59.1,49.1,69.1,120.0
236,03:56,59.3,49.3,69.3,120.0
237,03:57,59.7,49.7,69.7,120.0
238,03:58,59.1,49.1,69.1,120.0
239,03:59,59.3,49.3,69.3,120.0
240,04:00,61.2,51.2,71.2,120.0
241,04:01,60.0,50.0,70.0,120.0
242,04:02,61.3,51.3,71.3,120.0
243,04:03,61.6,51.6,71.6,120.0
244,04:04,62.0,52.0,72.0,120.0
245,04:05,62.8,52.8,72.8,120.0
246,04:06,62.7,52.7,72.7,120.0
247,04:07,63.6,53.6,73.6,120.0
248,04:08,63.9,53.9,73.9,120.0
249,04:09,65.3,55.3,75.3,120.0
250,04:10,63.9,53.9,73.9,120.0
251,04:11,65.0,55.0,75.0,120.0
252,04:12,65.6,55.6,75.6,120.0
253,04:13,65.7,55.7,75.7,120.0
254,04:14,65.5,55.5,75.5,120.0
255,04:15,67.2,57.2,77.2,120.0
256,04:16,67.1,57.1,77.1,120.0
257,04:17,66.7,56.7,76.7,120.0
258,04:18,68.0,58.0,78.0,120.0
259,04:19,69.0,59.0,79.0,120.0
260,04:20,68.5,58.5,78.5,120.0
261,04:21,68.9,58.9,78.9,120.0
262,04:22,70.1,60.1,80.1,120.0
263,04:23,69.2,59.2,79.2,120.0
264,04:24,70.9,60.9,80.9,120.0
265,04:25,70.9,60.9,80.9,120.0
266,04:26,70.3,60.3,80.3,120.0
267,04:27,70.8,60.8,80.8,120.0
268,04:28,71.3,61.3,81.3,120.0
269,04:29,71.0,61.0,81.0,120.0
270,04:30,72.4,62.4,82.4,120.0
271,04:31,72.2,62.2,82.2,120.0
272,04:32,73.1,63.1,83.1,120.0
273,04:33,72.7,62.7,82.7,120.0
274,04:34,74.1,64.1,84.1,120.0
275,04:35,74.4,64.4,84.4,120.0
276,04:36,74.0,64.0,84.0,120.0
277,04:37,74.8,64.8,84.8,120.0
278,04:38,75.0,65.0,85.0,120.0
279,04:39,76.1,66.1,86.1,120.0
280,04:40,75.1,65.1,85.1,120.0
281,04:41,75.9,65.9,85.9,120.0
282,04:42,75.9,65.9,85.9,120.0
283,04:43,76.6,66.6,86.6,120.0
284,04:44,77.1,67.1,87.1,120.0
285,04:45,76.8,66.8,86.8,120.0
286,04:46,77.3,67.3,87.3,120.0
287,04:47,78.2,68.2,88.2,120.0
288,04:48,78.7,68.7,88.7,120.0
289,04:49,78.6,68.6,88.6,120.0
290,04:50,78.5,68.5,88.5,120.0
291,04:51,78.8,68.8,88.8,120.0
292,04:52,79.4,69.4,89.4,120.0
293,04:53,79.5,69.5,89.5,120.0
294,04:54,78.9,68.9,88.9,120.0
295,04:55,80.2,70.2,90.2,120.0
296,04:56,79.8,69.8,89.8,120.0
297,04:57,79.7,69.7,89.7,120.0
298,04:58,79.8,69.8,89.8,120.0
299,04:59,80.8,70.8,90.8,120.0
300,05:00,80.6,70.6,90.6,120.0
301,05:01,80.2,70.2,90.2,120.0
302,05:02,81.4,71.4,91.4,120.0
303,05:03,81.6,71.6,91.6,120.0
304,05:04,82.0,72.0,92.0,120.0
305,05:05,81.9,71.9,91.9,120.0
306,05:06,83.4,73.4,93.4,120.0
307,05:07,82.9,72.9,92.9,120.0
308,05:08,82.6,72.6,92.6,120.0
309,05:09,83.0,73.0,93.0,120.0
310,05:10,84.0,74.0,94.0,120.0
311,05:11,83.9,73.9,93.9,120.0
312,05:12,82.9,72.9,92.9,120.0
313,05:13,83.3,73.3,93.3,120.0
314,05:14,83.6,73.6,93.6,120.0
315,05:15,83.9,73.9,93.9,120.0
316,05:16,84.0,74.0,94.0,120.0
317,05:17,84.5,74.5,94.5,120.0
318,05:18,85.0,75.0,95.0,120.0
319,05:19,85.3,75.3,95.3,120.0
320,05:20,84.8,74.8,94.8,120.0
321,05:21,84.3,74.3,94.3,120.0
322,05:22,84.8,74.8,94.8,120.0
323,05:23,85.2,75.2,95.2,120.0
324,05:24,84.9,74.9,94.9,120.0
325,05:25,86.3,76.3,96.3,120.0
326,05:26,85.3,75.3,95.3,120.0
327,05:27,86.3,76.3,96.3,120.0
328,05:28,85.3,75.3,95.3,120.0
329,05:29,86.6,76.6,96.6,120.0
330,05:30,86.3,76.3,96.3,120.0
331,05:31,87.2,77.2,97.2,120.0
332,05:32,86.0,76.0,96.0,120.0
333,05:33,86.4,76.4,96.4,120.0
334,05:34,86.6,76.6,96.6,120.0
335,05:35,86.9,76.9,96.9,120.0
336,05:36,86.9,76.9,96.9,120.0
337,05:37,87.0,77.0,97.0,120.0
338,05:38,87.1,77.1,97.1,120.0
339,05:39,86.3,76.3,96.3,120.0
340,05:40,87.9,77.9,97.9,120.0
341,05:41,89.0,79.0,99.0,120.0
342,05:42,87.8,77.8,97.8,120.0
343,05:43,87.1,77.1,97.1,120.0
344,05:44,87.3,77.3,97.3,120.0
345,05:45,88.2,78.2,98.2,120.0
346,05:46,88.2,78.2,98.2,120.0
347,05:47,87.9,77.9,97.9,120.0
348,05:48,88.5,78.5,98.5,120.0
349,05:49,87.2,77.2,97.2,120.0
350,05:50,88.7,78.7,98.7,120.0
351,05:51,88.5,78.5,98.5,120.0
352,05:52,87.9,77.9,97.9,120.0
353,05:53,87.8,77.8,97.8,120.0
354,05:54,88.6,78.6,98.6,120.0
355,05:55,89.3,79.3,99.3,120.0
356,05:56,88.6,78.6,98.6,120.0
357,05:57,88.3,78.3,98.3,120.0
358,05:58,88.9,78.9,98.9,120.0
359,05:59,89.8,79.8,99.8,120.0
360,06:00,89.2,79.2,99.2,120.0
361,06:01,89.3,79.3,99.3,120.0
362,06:02,89.7,79.7,99.7,120.0
363,06:03,89.3,79.3,99.3,120.0
364,06:04,88.8,78.8,98.8,120.0
365,06:05,88.3,78.3,98.3,120.0
366,06:06,88.8,78.8,98.8,120.0
367,06:07,88.7,78.7,98.7,120.0
368,06:08,89.7,79.7,99.7,120.0
369,06:09,89.8,79.8,99.8,120.0
370,06:10,89.5,79.5,99.5,120.0
371,06:11,88.8,78.8,98.8,120.0
372,06:12,90.4,80.4,100.4,120.0
373,06:13,89.4,79.4,99.4,120.0
374,06:14,89.9,79.9,99.9,120.0
375,06:15,89.7,79.7,99.7,120.0
376,06:16,89.8,79.8,99.8,120.0
377,06:17,90.0,80.0,100.0,120.0
378,06:18,89.4,79.4,99.4,120.0
379,06:19,90.4,80.4,100.4,120.0
380,06:20,89.0,79.0,99.0,120.0
381,06:21,89.3,79.3,99.3,120.0
382,06:22,90.5,80.5,100.5,120.0
383,06:23,90.2,80.2,100.2,120.0
384,06:24,91.2,81.2,101.2,120.0
385,06:25,90.0,80.0,100.0,120.0
386,06:26,90.9,80.9,100.9,120.0
387,06:27,89.1,79.1,99.1,120.0
388,06:28,89.4,79.4,99.4,120.0
389,06:29,90.5,80.5,100.5,120.0
390,06:30,89.2,79.2,99.2,120.0
391,06:31,90.0,80.0,100.0,120.0
392,06:32,90.7,80.7,100.7,120.0
393,06:33,90.4,80.4,100.4,120.0
394,06:34,90.2,80.2,100.2,120.0
395,06:35,90.0,80.0,100.0,120.0
396,06:36,90.4,80.4,100.4,120.0
397,06:37,90.6,80.6,100.6,120.0
398,06:38,90.0,80.0,100.0,120.0
399,06:39,90.5,80.5,100.5,120.0
400,06:40,90.9,80.9,100.9,120.0
401,06:41,90.2,80.2,100.2,120.0
402,06:42,90.4,80.4,100.4,120.0
403,06:43,90.6,80.6,100.6,120.0
404,06:44,90.7,80.7,100.7,120.0
405,06:45,90.9,80.9,100.9,120.0
406,06:46,89.9,79.9,99.9,120.0
407,06:47,90.2,80.2,100.2,120.0
408,06:48,90.2,80.2,100.2,120.0
409,06:49,90.0,80.0,100.0,120.0
410,06:50,89.6,79.6,99.6,120.0
411,06:51,88.9,78.9,98.9,120.0
412,06:52,91.1,81.1,101.1,120.0
413,06:53,89.8,79.8,99.8,120.0
414,06:54,91.3,81.3,101.3,120.0
415,06:55,90.9,80.9,100.9,120.0
416,06:56,90.4,80.4,100.4,120.0
417,06:57,90.9,80.9,100.9,120.0
418,06:58,90.8,80.8,100.8,120.0
419,06:59,90.1,80.1,100.1,120.0
420,07:00,90.6,80.6,100.6,120.0
421,07:01,90.1,80.1,100.1,120.0
422,07:02,91.0,81.0,101.0,120.0
423,07:03,90.3,80.3,100.3,120.0
424,07:04,90.6,80.6,100.6,120.0
425,07:05,90.6,80.6,100.6,120.0
426,07:06,90.7,80.7,100.7,120.0
427,07:07,91.5,81.5,101.5,120.0
428,07:08,90.6,80.6,100.6,120.0
429,07:09,91.3,81.3,101.3,120.0
430,07:10,91.0,81.0,101.0,120.0
431,07:11,91.4,81.4,101.4,120.0
432,07:12,90.6,80.6,100.6,120.0
433,07:13,91.1,81.1,101.1,120.0
434,07:14,90.7,80.7,100.7,120.0
435,07:15,89.3,79.3,99.3,120.0
436,07:16,90.2,80.2,100.2,120.0
437,07:17,91.1,81.1,101.1,120.0
438,07:18,91.0,81.0,101.0,120.0
439,07:19,90.1,80.1,100.1,120.0
440,07:20,90.9,80.9,100.9,120.0
441,07:21,91.1,81.1,101.1,120.0
442,07:22,90.8,80.8,100.8,120.0
443,07:23,91.2,81.2,101.2,120.0
444,07:24,91.1,81.1,101.1,120.0
445,07:25,90.8,80.8,100.8,120.0
446,07:26,90.6,80.6,100.6,120.0
447,07:27,91.4,81.4,101.4,120.0
448,07:28,91.1,81.1,101.1,120.0
449,07:29,90.2,80.2,100.2,120.0
450,07:30,91.0,81.0,101.0,120.0
451,07:31,90.3,80.3,100.3,120.0
452,07:32,90.4,80.4,100.4,120.0
453,07:33,90.5,80.5,100.5,120.0
454,07:34,90.9,80.9,100.9,120.0
455,07:35,91.1,81.1,101.1,120.0
456,07:36,90.7,80.7,100.7,120.0
457,07:37,93.1,83.1,103.1,120.0
458,07:38,94.0,84.0,104.0,120.0
459,07:39,95.6,85.6,105.6,120.0
460,07:40,94.3,84.3,104.3,120.0
461,07:41,96.1,86.1,106.1,120.0
462,07:42,97.6,87.6,107.6,120.0
463,07:43,97.5,87.5,107.5,120.0
464,07:44,98.4,88.4,108.4,120.0
465,07:45,97.1,87.1,107.1,120.0
466,07:46,97.9,87.9,107.9,120.0
467,07:47,99.2,89.2,109.2,120.0
468,07:48,100.0,90.0,110.0,120.0
469,07:49,99.0,89.0,109.0,120.0
470,07:50,99.7,89.7,109.7,120.0
471,07:51,100.5,90.5,110.5,120.0
472,07:52,99.8,89.8,109.8,120.0
473,07:53,101.1,91.1,111.1,120.0
474,07:54,99.8,89.8,109.8,120.0
475,07:55,101.7,91.7,111.7,120.0
476,07:56,101.2,91.2,111.2,120.0
477,07:57,101.7,91.7,111.7,120.0
478,07:58,102.6,92.6,112.6,120.0
479,07:59,102.7,92.7,112.7,120.0
480,08:00,102.7,92.7,112.7,120.0
481,08:01,103.5,93.5,113.5,120.0
482,08:02,102.4,92.4,112.4,120.0
483,08:03,103.6,93.6,113.6,120.0
484,08:04,103.3,93.3,113.3,120.0
485,08:05,104.4,94.4,114.4,120.0
486,08:06,104.5,94.5,114.5,120.0
487,08:07,104.7,94.7,114.7,120.0
488,08:08,105.4,95.4,115.4,120.0
489,08:09,105.4,95.4,115.4,120.0
490,08:10,104.9,94.9,114.9,120.0
491,08:11,105.2,95.2,115.2,120.0
492,08:12,105.7,95.7,115.7,120.0
493,08:13,105.7,95.7,115.7,120.0
494,08:14,106.2,96.2,116.2,120.0
495,08:15,104.9,94.9,114.9,120.0
496,08:16,107.1,97.1,117.1,120.0
497,08:17,106.4,96.4,116.4,120.0
498,08:18,105.8,95.8,115.8,120.0
499,08:19,106.3,96.3,116.3,120.0
500,08:20,105.9,95.9,115.9,120.0
501,08:21,106.6,96.6,116.6,120.0
502,08:22,107.2,97.2,117.2,120.0
503,08:23,108.2,98.2,118.2,120.0
504,08:24,107.9,97.9,117.9,120.0
505,08:25,107.9,97.9,117.9,120.0
506,08:26,107.4,97.4,117.4,120.0
507,08:27,107.8,97.8,117.8,120.0
508,08:28,108.0,98.0,118.0,120.0
509,08:29,108.2,98.2,118.2,120.0
510,08:30,108.5,98.5,118.5,120.0
511,08:31,108.7,98.7,118.7,120.0
512,08:32,108.8,98.8,118.8,120.0
513,08:33,108.8,98.8,118.8,120.0
514,08:34,109.4,99.4,119.4,120.0
515,08:35,109.3,99.3,119.3,120.0
516,08:36,108.8,98.8,118.8,120.0
517,08:37,109.8,99.8,119.8,120.0
518,08:38,109.9,99.9,119.9,120.0
519,08:39,109.3,99.3,119.3,120.0
520,08:40,110.0,100.0,120.0,120.0
521,08:41,110.7,100.7,120.7,120.0
522,08:42,110.0,100.0,120.0,120.0
523,08:43,110.1,100.1,120.1,120.0
524,08:44,110.7,100.7,120.7,120.0
525,08:45,111.3,101.3,121.3,120.0
526,08:46,112.0,102.0,122.0,120.0
527,08:47,111.6,101.6,121.6,120.0
528,08:48,112.0,102.0,122.0,120.0
529,08:49,111.7,101.7,121.7,120.0
530,08:50,111.4,101.4,121.4,120.0
531,08:51,112.2,102.2,122.2,120.0
532,08:52,112.0,102.0,122.0,120.0
533,08:53,112.3,102.3,122.3,120.0
534,08:54,111.8,101.8,121.8,120.0
535,08:55,112.6,102.6,122.6,120.0
536,08:56,112.5,102.5,122.5,120.0
537,08:57,112.8,102.8,122.8,120.0
538,08:58,112.8,102.8,122.8,120.0
539,08:59,112.8,102.8,122.8,120.0
540,09:00,113.3,103.3,123.3,120.0
541,09:01,113.0,103.0,123.0,120.0
542,09:02,112.5,102.5,122.5,120.0
543,09:03,112.5,102.5,122.5,120.0
544,09:04,113.7,103.7,123.7,120.0
545,09:05,113.5,103.5,123.5,120.0
546,09:06,113.0,103.0,123.0,120.0
547,09:07,114.0,104.0,124.0,120.0
548,09:08,114.1,104.1,124.1,120.0
549,09:09,114.0,104.0,124.0,120.0
550,09:10,114.5,104.5,124.5,120.0
551,09:11,115.1,105.1,125.1,120.0
552,09:12,115.3,105.3,125.3,120.0
553,09:13,114.8,104.8,124.8,120.0
554,09:14,114.8,104.8,124.8,120.0
555,09:15,115.1,105.1,125.1,120.0
556,09:16,115.3,105.3,125.3,120.0
557,09:17,115.1,105.1,125.1,120.0
558,09:18,115.4,105.4,125.4,120.0
559,09:19,114.7,104.7,124.7,120.0
560,09:20,115.6,105.6,125.6,120.0
561,09:21,115.9,105.9,125.9,120.0
562,09:22,115.6,105.6,125.6,120.0
563,09:23,115.9,105.9,125.9,120.0
564,09:24,115.5,105.5,125.5,120.0
565,09:25,115.5,105.5,125.5,120.0
566,09:26,116.4,106.4,126.4,120.0
567,09:27,116.0,106.0,126.0,120.0
568,09:28,115.6,105.6,125.6,120.0
569,09:29,116.1,106.1,126.1,120.0
570,09:30,116.3,106.3,126.3,120.0
571,09:31,117.2,107.2,127.2,120.0
572,09:32,117.1,107.1,127.1,120.0
573,09:33,116.6,106.6,126.6,120.0
574,09:34,116.9,106.9,126.9,120.0
575,09:35,118.0,108.0,128.0,120.0
576,09:36,117.9,107.9,127.9,120.0
577,09:37,117.0,107.0,127.0,120.0
578,09:38,118.2,108.2,128.2,120.0
579,09:39,117.7,107.7,127.7,120.0
580,09:40,118.3,108.3,128.3,120.0
581,09:41,117.9,107.9,127.9,120.0
582,09:42,118.7,108.7,128.7,120.0
583,09:43,117.6,107.6,127.6,120.0
584,09:44,118.2,108.2,128.2,120.0
585,09:45,119.0,109.0,129.0,120.0
586,09:46,117.3,107.3,127.3,120.0
587,09:47,118.6,108.6,128.6,120.0
588,09:48,118.5,108.5,128.5,120.0
589,09:49,119.2,109.2,129.2,120.0
590,09:50,119.5,109.5,129.5,120.0
591,09:51,119.4,109.4,129.4,120.0
592,09:52,119.2,109.2,129.2,120.0
593,09:53,119.3,109.3,129.3,120.0
594,09:54,119.2,109.2,129.2,120.0
595,09:55,119.5,109.5,129.5,120.0
596,09:56,120.3,110.3,130.3,120.0
597,09:57,119.2,109.2,129.2,120.0
598,09:58,119.5,109.5,129.5,120.0
599,09:59,119.8,109.8,129.8,120.0
600,10:00,120.4,110.4,130.4,120.0
601,10:01,120.2,110.2,130.2,120.0
602,10:02,120.6,110.6,130.6,120.0
603,10:03,120.8,110.8,130.8,120.0
604,10:04,120.6,110.6,130.6,120.0
605,10:05,119.9,109.9,129.9,120.0
606,10:06,121.4,111.4,131.4,120.0
607,10:07,121.4,111.4,131.4,120.0
608,10:08,120.8,110.8,130.8,120.0
609,10:09,120.1,110.1,130.1,120.0
610,10:10,120.2,110.2,130.2,120.0
611,10:11,121.2,111.2,131.2,120.0
612,10:12,120.8,110.8,130.8,120.0
613,10:13,120.4,110.4,130.4,120.0
614,10:14,120.5,110.5,130.5,120.0
615,10:15,121.2,111.2,131.2,120.0
616,10:16,121.6,111.6,131.6,120.0
617,10:17,122.3,112.3,132.3,120.0
618,10:18,122.0,112.0,132.0,120.0
619,10:19,121.6,111.6,131.6,120.0
620,10:20,122.1,112.1,132.1,120.0
621,10:21,122.1,112.1,132.1,120.0
622,10:22,122.5,112.5,132.5,120.0
623,10:23,122.2,112.2,132.2,120.0
624,10:24,122.8,112.8,132.8,120.0
625,10:25,122.8,112.8,132.8,120.0
626,10:26,122.5,112.5,132.5,120.0
627,10:27,122.5,112.5,132.5,120.0
628,10:28,123.1,113.1,133.1,120.0
629,10:29,122.4,112.4,132.4,120.0
630,10:30,122.1,112.1,132.1,120.0
631,10:31,122.2,112.2,132.2,120.0
632,10:32,122.6,112.6,132.6,120.0
633,10:33,123.4,113.4,133.4,120.0
634,10:34,123.0,113.0,133.0,120.0
635,10:35,123.4,113.4,133.4,120.0
636,10:36,123.1,113.1,133.1,120.0
637,10:37,123.2,113.2,133.2,120.0
638,10:38,123.0,113.0,133.0,120.0
639,10:39,123.6,113.6,133.6,120.0
640,10:40,123.6,113.6,133.6,120.0
641,10:41,124.0,114.0,134.0,120.0
642,10:42,124.1,114.1,134.1,120.0
643,10:43,123.9,113.9,133.9,120.0
644,10:44,123.3,113.3,133.3,120.0
645,10:45,124.7,114.7,134.7,120.0
646,10:46,124.2,114.2,134.2,120.0
647,10:47,124.4,114.4,134.4,120.0
648,10:48,125.2,115.2,135.2,120.0
649,10:49,125.0,115.0,135.0,120.0
650,10:50,124.8,114.8,134.8,120.0
651,10:51,124.7,114.7,134.7,120.0
652,10:52,124.8,114.8,134.8,120.0
653,10:53,125.0,115.0,135.0,120.0
654,10:54,125.2,115.2,135.2,120.0
655,10:55,125.9,115.9,135.9,120.0
656,10:56,126.4,116.4,136.4,120.0
657,10:57,125.4,115.4,135.4,120.0
658,10:58,124.2,114.2,134.2,120.0
659,10:59,124.9,114.9,134.9,120.0
660,11:00,126.4,116.4,136.4,120.0
661,11:01,125.9,115.9,135.9,120.0
662,11:02,125.9,115.9,135.9,120.0
663,11:03,125.6,115.6,135.6,120.0
664,11:04,125.2,115.2,135.2,120.0
665,11:05,126.7,116.7,136.7,120.0
666,11:06,125.6,115.6,135.6,120.0
667,11:07,126.4,116.4,136.4,120.0
668,11:08,125.5,115.5,135.5,120.0
669,11:09,126.1,116.1,136.1,120.0
670,11:10,126.8,116.8,136.8,120.0
671,11:11,126.3,116.3,136.3,120.0
672,11:12,126.3,116.3,136.3,120.0
673,11:13,126.6,116.6,136.6,120.0
674,11:14,126.0,116.0,136.0,120.0
675,11:15,126.0,116.0,136.0,120.0
676,11:16,127.2,117.2,137.2,120.0
677,11:17,126.7,116.7,136.7,120.0
678,11:18,127.3,117.3,137.3,120.0
679,11:19,127.6,117.6,137.6,120.0
680,11:20,127.7,117.7,137.7,120.0
681,11:21,126.4,116.4,136.4,120.0
682,11:22,126.9,116.9,136.9,120.0
683,11:23,127.6,117.6,137.6,120.0
684,11:24,127.7,117.7,137.7,120.0
685,11:25,128.7,118.7,138.7,120.0
686,11:26,127.2,117.2,137.2,120.0
687,11:27,128.3,118.3,138.3,120.0
688,11:28,128.0,118.0,138.0,120.0
689,11:29,127.0,117.0,137.0,120.0
690,11:30,127.7,117.7,137.7,120.0
691,11:31,128.1,118.1,138.1,120.0
692,11:32,127.2,117.2,137.2,120.0
693,11:33,127.1,117.1,137.1,120.0
694,11:34,127.4,117.4,137.4,120.0
695,11:35,128.5,118.5,138.5,120.0
696,11:36,128.2,118.2,138.2,120.0
697,11:37,128.2,118.2,138.2,120.0
698,11:38,128.3,118.3,138.3,120.0
699,11:39,127.9,117.9,137.9,120.0
700,11:40,128.5,118.5,138.5,120.0
701,11:41,127.9,117.9,137.9,120.0
702,11:42,129.5,119.5,139.5,120.0
703,11:43,129.8,119.8,139.8,120.0
704,11:44,127.9,117.9,137.9,120.0
705,11:45,128.9,118.9,138.9,120.0
706,11:46,129.0,119.0,139.0,120.0
707,11:47,129.2,119.2,139.2,120.0
708,11:48,129.8,119.8,139.8,120.0
709,11:49,129.2,119.2,139.2,120.0
710,11:50,129.4,119.4,139.4,120.0
711,11:51,131.1,121.1,141.1,120.0
712,11:52,129.6,119.6,139.6,120.0
713,11:53,130.6,120.6,140.6,120.0
714,11:54,130.0,120.0,140.0,120.0
715,11:55,129.6,119.6,139.6,120.0
716,11:56,129.6,119.6,139.6,120.0
717,11:57,130.0,120.0,140.0,120.0
718,11:58,129.5,119.5,139.5,120.0
719,11:59,129.7,119.7,139.7,120.0
720,12:00,130.0,120.0,140.0,120.0
721,12:01,130.5,120.5,140.5,120.0
722,12:02,131.3,121.3,141.3,120.0
723,12:03,130.2,120.2,140.2,120.0
724,12:04,130.8,120.8,140.8,120.0
725,12:05,129.8,119.8,139.8,120.0
726,12:06,131.2,121.2,141.2,120.0
727,12:07,129.9,119.9,139.9,120.0
728,12:08,131.2,121.2,141.2,120.0
729,12:09,130.9,120.9,140.9,120.0
730,12:10,130.9,120.9,140.9,120.0
731,12:11,130.9,120.9,140.9,120.0
732,12:12,130.5,120.5,140.5,120.0
733,12:13,130.6,120.6,140.6,120.0
734,12:14,131.7,121.7,141.7,120.0
735,12:15,131.3,121.3,141.3,120.0
736,12:16,131.3,121.3,141.3,120.0
737,12:17,131.7,121.7,141.7,120.0
738,12:18,131.6,121.6,141.6,120.0
739,12:19,131.2,121.2,141.2,120.0
740,12:20,132.9,122.9,142.9,120.0
741,12:21,132.1,122.1,142.1,120.0
742,12:22,131.9,121.9,141.9,120.0
743,12:23,131.7,121.7,141.7,120.0
744,12:24,132.5,122.5,142.5,120.0
745,12:25,131.7,121.7,141.7,120.0
746,12:26,131.7,121.7,141.7,120.0
747,12:27,133.1,123.1,143.1,120.0
748,12:28,132.3,122.3,142.3,120.0
749,12:29,132.0,122.0,142.0,120.0
750,12:30,132.4,122.4,142.4,120.0
751,12:31,132.9,122.9,142.9,120.0
752,12:32,132.9,122.9,142.9,120.0
753,12:33,133.1,123.1,143.1,120.0
754,12:34,132.1,122.1,142.1,120.0
755,12:35,133.2,123.2,143.2,120.0
756,12:36,132.7,122.7,142.7,120.0
757,12:37,133.0,123.0,143.0,120.0
758,12:38,133.6,123.6,143.6,120.0
759,12:39,133.4,123.4,143.4,120.0
760,12:40,133.3,123.3,143.3,120.0
761,12:41,132.2,122.2,142.2,120.0
762,12:42,133.2,123.2,143.2,120.0
763,12:43,132.9,122.9,142.9,120.0
764,12:44,133.7,123.7,143.7,120.0
765,12:45,134.0,124.0,144.0,120.0
766,12:46,133.4,123.4,143.4,120.0
767,12:47,133.3,123.3,143.3,120.0
768,12:48,134.4,124.4,144.4,120.0
769,12:49,133.4,123.4,143.4,120.0
770,12:50,133.2,123.2,143.2,120.0
771,12:51,133.5,123.5,143.5,120.0
772,12:52,133.7,123.7,143.7,120.0
773,12:53,133.6,123.6,143.6,120.0
774,12:54,134.5,124.5,144.5,120.0
775,12:55,133.0,123.0,143.0,120.0
776,12:56,133.8,123.8,143.8,120.0
777,12:57,134.3,124.3,144.3,120.0
778,12:58,134.5,124.5,144.5,120.0
779,12:59,135.3,125.3,145.3,120.0
780,13:00,135.3,125.3,145.3,120.0
781,13:01,133.8,123.8,143.8,120.0
782,13:02,133.7,123.7,143.7,120.0
783,13:03,134.7,124.7,144.7,120.0
784,13:04,134.4,124.4,144.4,120.0
785,13:05,134.2,124.2,144.2,120.0
786,13:06,134.9,124.9,144.9,120.0
787,13:07,135.1,125.1,145.1,120.0
788,13:08,134.6,124.6,144.6,120.0
789,13:09,134.8,124.8,144.8,120.0
790,13:10,134.8,124.8,144.8,120.0
791,13:11,135.0,125.0,145.0,120.0
792,13:12,135.6,125.6,145.6,120.0
793,13:13,134.8,124.8,144.8,120.0
794,13:14,135.1,125.1,145.1,120.0
795,13:15,135.3,125.3,145.3,120.0
796,13:16,135.5,125.5,145.5,120.0
797,13:17,135.8,125.8,145.8,120.0
798,13:18,136.7,126.7,146.7,120.0
799,13:19,136.0,126.0,146.0,120.0
800,13:20,136.1,126.1,146.1,120.0
801,13:21,135.7,125.7,145.7,120.0
802,13:22,135.5,125.5,145.5,120.0
803,13:23,135.7,125.7,145.7,120.0
804,13:24,135.7,125.7,145.7,120.0
805,13:25,136.3,126.3,146.3,120.0
806,13:26,135.4,125.4,145.4,120.0
807,13:27,136.6,126.6,146.6,120.0
808,13:28,136.3,126.3,146.3,120.0
809,13:29,136.8,126.8,146.8,120.0
810,13:30,136.1,126.1,146.1,120.0
811,13:31,136.1,126.1,146.1,120.0
812,13:32,136.4,126.4,146.4,120.0
813,13:33,136.4,126.4,146.4,120.0
814,13:34,137.1,127.1,147.1,120.0
815,13:35,137.2,127.2,147.2,120.0
816,13:36,137.8,127.8,147.8,120.0
817,13:37,136.7,126.7,146.7,120.0
818,13:38,135.3,125.3,145.3,120.0
819,13:39,136.8,126.8,146.8,120.0
820,13:40,137.2,127.2,147.2,120.0
821,13:41,137.5,127.5,147.5,120.0
822,13:42,137.4,127.4,147.4,120.0
823,13:43,137.0,127.0,147.0,120.0
824,13:44,138.2,128.2,148.2,120.0
825,13:45,136.9,126.9,146.9,120.0
826,13:46,137.3,127.3,147.3,120.0
827,13:47,137.0,127.0,147.0,120.0
828,13:48,137.6,127.6,147.6,120.0
829,13:49,138.5,128.5,148.5,120.0
830,13:50,137.7,127.7,147.7,120.0
831,13:51,137.7,127.7,147.7,120.0
832,13:52,137.0,127.0,147.0,120.0
833,13:53,137.8,127.8,147.8,120.0
834,13:54,138.6,128.6,148.6,120.0
835,13:55,137.9,127.9,147.9,120.0
836,13:56,137.9,127.9,147.9,120.0
837,13:57,138.7,128.7,148.7,120.0
838,13:58,138.1,128.1,148.1,120.0
839,13:59,138.9,128.9,148.9,120.0
840,14:00,137.7,127.7,147.7,120.0
841,14:01,138.8,128.8,148.8,120.0
842,14:02,139.3,129.3,149.3,120.0
843,14:03,139.0,129.0,149.0,120.0
844,14:04,137.7,127.7,147.7,120.0
845,14:05,138.3,128.3,148.3,120.0
846,14:06,138.6,128.6,148.6,120.0
847,14:07,139.3,129.3,149.3,120.0
848,14:08,138.2,128.2,148.2,120.0
849,14:09,138.4,128.4,148.4,120.0
850,14:10,138.2,128.2,148.2,120.0
851,14:11,138.6,128.6,148.6,120.0
852,14:12,138.5,128.5,148.5,120.0
853,14:13,139.9,129.9,149.9,120.0
854,14:14,138.9,128.9,148.9,120.0
855,14:15,139.6,129.6,149.6,120.0
856,14:16,139.3,129.3,149.3,120.0
857,14:17,139.4,129.4,149.4,120.0
858,14:18,139.2,129.2,149.2,120.0
859,14:19,139.9,129.9,149.9,120.0
860,14:20,139.6,129.6,149.6,120.0
861,14:21,139.7,129.7,149.7,120.0
862,14:22,139.4,129.4,149.4,120.0
863,14:23,139.5,129.5,149.5,120.0
864,14:24,140.1,130.1,150.1,120.0
865,14:25,140.0,130.0,150.0,120.0
866,14:26,140.0,130.0,150.0,120.0
867,14:27,139.6,129.6,149.6,120.0
868,14:28,141.0,131.0,151.0,120.0
869,14:29,139.9,129.9,149.9,120.0
870,14:30,140.2,130.2,150.2,120.0
871,14:31,140.1,130.1,150.1,120.0
872,14:32,141.3,131.3,151.3,120.0
873,14:33,140.2,130.2,150.2,120.0
874,14:34,140.2,130.2,150.2,120.0
875,14:35,140.5,130.5,150.5,120.0
876,14:36,140.2,130.2,150.2,120.0
877,14:37,140.6,130.6,150.6,120.0
878,14:38,141.8,131.8,151.8,120.0
879,14:39,140.9,130.9,150.9,120.0
880,14:40,140.9,130.9,150.9,120.0
881,14:41,140.5,130.5,150.5,120.0
882,14:42,141.7,131.7,151.7,120.0
883,14:43,141.9,131.9,151.9,120.0
884,14:44,141.4,131.4,151.4,120.0
885,14:45,141.4,131.4,151.4,120.0
886,14:46,141.0,131.0,151.0,120.0
887,14:47,141.4,131.4,151.4,120.0
888,14:48,140.8,130.8,150.8,120.0
889,14:49,140.7,130.7,150.7,120.0
890,14:50,140.6,130.6,150.6,120.0
891,14:51,141.6,131.6,151.6,120.0
892,14:52,140.8,130.8,150.8,120.0
893,14:53,141.3,131.3,151.3,120.0
894,14:54,141.5,131.5,151.5,120.0
895,14:55,142.1,132.1,152.1,120.0
896,14:56,141.4,131.4,151.4,120.0
897,14:57,142.3,132.3,152.3,120.0
898,14:58,142.3,132.3,152.3,120.0
899,14:59,141.3,131.3,151.3,120.0
900,15:00,142.5,132.5,152.5,120.0
901,15:01,141.8,131.8,151.8,120.0
902,15:02,141.8,131.8,151.8,120.0
903,15:03,142.0,132.0,152.0,120.0
904,15:04,142.2,132.2,152.2,120.0
905,15:05,142.0,132.0,152.0,120.0
906,15:06,141.8,131.8,151.8,120.0
907,15:07,142.0,132.0,152.0,120.0
908,15:08,142.5,132.5,152.5,120.0
909,15:09,142.4,132.4,152.4,120.0
910,15:10,142.8,132.8,152.8,120.0
911,15:11,142.6,132.6,152.6,120.0
912,15:12,142.6,132.6,152.6,120.0
913,15:13,143.0,133.0,153.0,120.0
914,15:14,143.4,133.4,153.4,120.0
915,15:15,143.5,133.5,153.5,120.0
916,15:16,143.5,133.5,153.5,120.0
917,15:17,143.3,133.3,153.3,120.0
918,15:18,144.0,134.0,154.0,120.0
919,15:19,143.2,133.2,153.2,120.0
920,15:20,143.2,133.2,153.2,120.0
921,15:21,144.2,134.2,154.2,120.0
922,15:22,141.8,131.8,151.8,120.0
923,15:23,143.1,133.1,153.1,120.0
924,15:24,143.9,133.9,153.9,120.0
925,15:25,143.8,133.8,153.8,120.0
926,15:26,144.7,134.7,154.7,120.0
927,15:27,143.5,133.5,153.5,120.0
928,15:28,143.3,133.3,153.3,120.0
929,15:29,143.4,133.4,153.4,120.0
930,15:30,143.8,133.8,153.8,120.0
931,15:31,144.5,134.5,154.5,120.0
932,15:32,144.6,134.6,154.6,120.0
933,15:33,143.8,133.8,153.8,120.0
934,15:34,144.0,134.0,154.0,120.0
935,15:35,143.6,133.6,153.6,120.0
936,15:36,143.7,133.7,153.7,120.0
937,15:37,144.5,134.5,154.5,120.0
938,15:38,144.9,134.9,154.9,120.0
939,15:39,143.8,133.8,153.8,120.0
940,15:40,144.3,134.3,154.3,120.0
941,15:41,144.1,134.1,154.1,120.0
942,15:42,144.7,134.7,154.7,120.0
943,15:43,144.1,134.1,154.1,120.0
944,15:44,143.4,133.4,153.4,120.0
945,15:45,145.0,135.0,155.0,120.0
946,15:46,144.4,134.4,154.4,120.0
947,15:47,144.5,134.5,154.5,120.0
948,15:48,144.8,134.8,154.8,120.0
949,15:49,144.8,134.8,154.8,120.0
950,15:50,145.0,135.0,155.0,120.0
951,15:51,144.0,134.0,154.0,120.0
952,15:52,145.1,135.1,155.1,120.0
953,15:53,143.9,133.9,153.9,120.0
954,15:54,145.3,135.3,155.3,120.0
955,15:55,145.6,135.6,155.6,120.0
956,15:56,144.4,134.4,154.4,120.0
957,15:57,145.3,135.3,155.3,120.0
958,15:58,145.7,135.7,155.7,120.0
959,15:59,145.0,135.0,155.0,120.0
960,16:00,145.6,135.6,155.6,120.0
961,16:01,143.9,133.9,153.9,120.0
962,16:02,145.9,135.9,155.9,120.0
963,16:03,145.4,135.4,155.4,120.0
964,16:04,145.4,135.4,155.4,120.0
965,16:05,146.0,136.0,156.0,120.0
966,16:06,146.5,136.5,156.5,120.0
967,16:07,145.9,135.9,155.9,120.0
968,16:08,146.5,136.5,156.5,120.0
969,16:09,145.0,135.0,155.0,120.0
970,16:10,146.1,136.1,156.1,120.0
971,16:11,145.8,135.8,155.8,120.0
972,16:12,145.5,135.5,155.5,120.0
973,16:13,145.0,135.0,155.0,120.0
974,16:14,146.3,136.3,156.3,120.0
975,16:15,146.5,136.5,156.5,120.0
976,16:16,146.8,136.8,156.8,120.0
977,16:17,146.8,136.8,156.8,120.0
978,16:18,145.8,135.8,155.8,120.0
979,16:19,146.9,136.9,156.9,120.0
980,16:20,147.0,137.0,157.0,120.0
981,16:21,146.3,136.3,156.3,120.0
982,16:22,146.5,136.5,156.5,120.0
983,16:23,146.0,136.0,156.0,120.0
984,16:24,147.3,137.3,157.3,120.0
985,16:25,145.8,135.8,155.8,120.0
986,16:26,146.9,136.9,156.9,120.0
987,16:27,146.4,136.4,156.4,120.0
988,16:28,146.2,136.2,156.2,120.0
989,16:29,145.9,135.9,155.9,120.0
990,16:30,146.8,136.8,156.8,120.0
991,16:31,146.3,136.3,156.3,120.0
992,16:32,147.0,137.0,157.0,120.0
993,16:33,147.9,137.9,157.9,120.0
994,16:34,147.2,137.2,157.2,120.0
995,16:35,148.1,138.1,158.1,120.0
996,16:36,146.7,136.7,156.7,120.0
997,16:37,146.6,136.6,156.6,120.0
998,16:38,146.8,136.8,156.8,120.0
999,16:39,147.3,137.3,157.3,120.0
1000,16:40,148.7,138.7,158.7,120.0
1001,16:41,146.6,136.6,156.6,120.0
1002,16:42,147.8,137.8,157.8,120.0
1003,16:43,147.2,137.2,157.2,120.0
1004,16:44,147.5,137.5,157.5,120.0
1005,16:45,147.0,137.0,157.0,120.0
1006,16:46,148.1,138.1,158.1,120.0
1007,16:47,147.7,137.7,157.7,120.0
1008,16:48,148.3,138.3,158.3,120.0
1009,16:49,147.9,137.9,157.9,120.0
1010,16:50,146.9,136.9,156.9,120.0
1011,16:51,148.5,138.5,158.5,120.0
1012,16:52,147.0,137.0,157.0,120.0
1013,16:53,147.1,137.1,157.1,120.0
1014,16:54,147.6,137.6,157.6,120.0
1015,16:55,147.7,137.7,157.7,120.0
1016,16:56,148.9,138.9,158.9,120.0
1017,16:57,148.2,138.2,158.2,120.0
1018,16:58,148.9,138.9,158.9,120.0
1019,16:59,148.1,138.1,158.1,120.0
1020,17:00,148.6,138.6,158.6,120.0
1021,17:01,148.7,138.7,158.7,120.0
1022,17:02,148.9,138.9,158.9,120.0
1023,17:03,148.3,138.3,158.3,120.0
1024,17:04,148.4,138.4,158.4,120.0
1025,17:05,148.5,138.5,158.5,120.0
1026,17:06,147.9,137.9,157.9,120.0
1027,17:07,148.7,138.7,158.7,120.0
1028,17:08,148.6,138.6,158.6,120.0
1029,17:09,149.2,139.2,159.2,120.0
1030,17:10,149.0,139.0,159.0,120.0
1031,17:11,149.6,139.6,159.6,120.0
1032,17:12,149.1,139.1,159.1,120.0
1033,17:13,148.8,138.8,158.8,120.0
1034,17:14,149.2,139.2,159.2,120.0
1035,17:15,149.5,139.5,159.5,120.0
1036,17:16,148.3,138.3,158.3,120.0
1037,17:17,148.9,138.9,158.9,120.0
1038,17:18,149.0,139.0,159.0,120.0
1039,17:19,149.6,139.6,159.6,120.0
1040,17:20,149.7,139.7,159.7,120.0
1041,17:21,149.5,139.5,159.5,120.0
1042,17:22,148.3,138.3,158.3,120.0
1043,17:23,148.7,138.7,158.7,120.0
1044,17:24,149.5,139.5,159.5,120.0
1045,17:25,149.4,139.4,159.4,120.0
1046,17:26,149.7,139.7,159.7,120.0
1047,17:27,149.5,139.5,159.5,120.0
1048,17:28,150.6,140.6,160.6,120.0
1049,17:29,148.7,138.7,158.7,120.0
1050,17:30,150.1,140.1,160.1,120.0
1051,17:31,150.4,140.4,160.4,120.0
1052,17:32,150.4,140.4,160.4,120.0
1053,17:33,150.5,140.5,160.5,120.0
1054,17:34,150.6,140.6,160.6,120.0
1055,17:35,149.9,139.9,159.9,120.0
1056,17:36,149.7,139.7,159.7,120.0
1057,17:37,149.3,139.3,159.3,120.0
1058,17:38,150.1,140.1,160.1,120.0
1059,17:39,150.0,140.0,160.0,120.0
1060,17:40,151.0,141.0,161.0,120.0
1061,17:41,150.3,140.3,160.3,120.0
1062,17:42,150.0,140.0,160.0,120.0
1063,17:43,150.0,140.0,160.0,120.0
1064,17:44,151.6,141.6,161.6,120.0
1065,17:45,150.7,140.7,160.7,120.0
1066,17:46,150.3,140.3,160.3,120.0
1067,17:47,150.8,140.8,160.8,120.0
1068,17:48,151.8,141.8,161.8,120.0
1069,17:49,150.7,140.7,160.7,120.0
1070,17:50,151.3,141.3,161.3,120.0
1071,17:51,151.6,141.6,161.6,120.0
1072,17:52,150.1,140.1,160.1,120.0
1073,17:53,150.7,140.7,160.7,120.0
1074,17:54,151.6,141.6,161.6,120.0
1075,17:55,150.8,140.8,160.8,120.0
1076,17:56,151.4,141.4,161.4,120.0
1077,17:57,150.9,140.9,160.9,120.0
1078,17:58,151.1,141.1,161.1,120.0
1079,17:59,151.1,141.1,161.1,120.0
1080,18:00,151.7,141.7,161.7,120.0
1081,18:01,151.5,141.5,161.5,120.0
1082,18:02,151.5,141.5,161.5,120.0
1083,18:03,152.8,142.8,162.8,120.0
1084,18:04,152.5,142.5,162.5,120.0
1085,18:05,150.6,140.6,160.6,120.0
1086,18:06,150.6,140.6,160.6,120.0
1087,18:07,151.9,141.9,161.9,120.0
1088,18:08,151.3,141.3,161.3,120.0
1089,18:09,152.3,142.3,162.3,120.0
1090,18:10,151.6,141.6,161.6,120.0
1091,18:11,152.4,142.4,162.4,120.0
1092,18:12,150.5,140.5,160.5,120.0
1093,18:13,152.7,142.7,162.7,120.0
1094,18:14,151.6,141.6,161.6,120.0
1095,18:15,152.8,142.8,162.8,120.0
1096,18:16,152.5,142.5,162.5,120.0
1097,18:17,152.3,142.3,162.3,120.0
1098,18:18,152.6,142.6,162.6,120.0
1099,18:19,152.3,142.3,162.3,120.0
1100,18:20,151.5,141.5,161.5,120.0
1101,18:21,152.2,142.2,162.2,120.0
1102,18:22,150.8,140.8,160.8,120.0
1103,18:23,150.7,140.7,160.7,120.0
1104,18:24,150.6,140.6,160.6,120.0
1105,18:25,150.4,140.4,160.4,120.0
1106,18:26,152.0,142.0,162.0,120.0
1107,18:27,153.8,143.8,163.8,120.0
1108,18:28,152.3,142.3,162.3,120.0
1109,18:29,150.6,140.6,160.6,120.0
1110,18:30,151.6,141.6,161.6,120.0
1111,18:31,150.6,140.6,160.6,120.0
1112,18:32,150.9,140.9,160.9,120.0
1113,18:33,153.0,143.0,163.0,120.0
1114,18:34,152.4,142.4,162.4,120.0
1115,18:35,150.6,140.6,160.6,120.0
1116,18:36,152.5,142.5,162.5,120.0
1117,18:37,151.5,141.5,161.5,120.0
1118,18:38,150.1,140.1,160.1,120.0
1119,18:39,152.0,142.0,162.0,120.0
1120,18:40,151.7,141.7,161.7,120.0
1121,18:41,151.7,141.7,161.7,120.0
1122,18:42,152.2,142.2,162.2,120.0
1123,18:43,152.3,142.3,162.3,120.0
1124,18:44,151.0,141.0,161.0,120.0
1125,18:45,151.6,141.6,161.6,120.0
1126,18:46,152.0,142.0,162.0,120.0
1127,18:47,151.7,141.7,161.7,120.0
1128,18:48,151.4,141.4,161.4,120.0
1129,18:49,151.6,141.6,161.6,120.0
1130,18:50,152.4,142.4,162.4,120.0
1131,18:51,151.5,141.5,161.5,120.0
1132,18:52,152.1,142.1,162.1,120.0
1133,18:53,151.2,141.2,161.2,120.0
1134,18:54,151.5,141.5,161.5,120.0
1135,18:55,151.4,141.4,161.4,120.0
1136,18:56,151.4,141.4,161.4,120.0
1137,18:57,152.1,142.1,162.1,120.0
1138,18:58,151.7,141.7,161.7,120.0
1139,18:59,152.1,142.1,162.1,120.0
1140,19:00,150.5,140.5,160.5,120.0
1141,19:01,150.3,140.3,160.3,120.0
1142,19:02,153.1,143.1,163.1,120.0
1143,19:03,151.9,141.9,161.9,120.0
1144,19:04,152.7,142.7,162.7,120.0
1145,19:05,153.4,143.4,163.4,120.0
1146,19:06,150.5,140.5,160.5,120.0
1147,19:07,152.7,142.7,162.7,120.0
1148,19:08,152.3,142.3,162.3,120.0
1149,19:09,153.0,143.0,163.0,120.0
1150,19:10,150.7,140.7,160.7,120.0
1151,19:11,152.7,142.7,162.7,120.0
1152,19:12,151.3,141.3,161.3,120.0
1153,19:13,152.7,142.7,162.7,120.0
1154,19:14,151.7,141.7,161.7,120.0
1155,19:15,153.3,143.3,163.3,120.0
1156,19:16,151.1,141.1,161.1,120.0
1157,19:17,150.8,140.8,160.8,120.0
1158,19:18,149.5,139.5,159.5,120.0
1159,19:19,151.8,141.8,161.8,120.0
1160,19:20,151.1,141.1,161.1,120.0
1161,19:21,152.5,142.5,162.5,120.0
1162,19:22,151.8,141.8,161.8,120.0
1163,19:23,153.5,143.5,163.5,120.0
1164,19:24,151.9,141.9,161.9,120.0
1165,19:25,151.2,141.2,161.2,120.0
1166,19:26,151.9,141.9,161.9,120.0
1167,19:27,151.6,141.6,161.6,120.0
1168,19:28,150.7,140.7,160.7,120.0
1169,19:29,151.3,141.3,161.3,120.0
1170,19:30,152.9,142.9,162.9,120.0
1171,19:31,151.6,141.6,161.6,120.0
1172,19:32,150.8,140.8,160.8,120.0
1173,19:33,153.0,143.0,163.0,120.0
1174,19:34,151.3,141.3,161.3,120.0
1175,19:35,151.6,141.6,161.6,120.0
1176,19:36,151.6,141.6,161.6,120.0
1177,19:37,151.8,141.8,161.8,120.0
1178,19:38,151.7,141.7,161.7,120.0
1179,19:39,153.1,143.1,163.1,120.0
1180,19:40,152.9,142.9,162.9,120.0
1181,19:41,151.1,141.1,161.1,120.0
1182,19:42,152.5,142.5,162.5,120.0
1183,19:43,151.4,141.4,161.4,120.0
1184,19:44,152.3,142.3,162.3,120.0
1185,19:45,152.7,142.7,162.7,120.0
1186,19:46,152.1,142.1,162.1,120.0
1187,19:47,151.2,141.2,161.2,120.0
1188,19:48,152.9,142.9,162.9,120.0
1189,19:49,151.8,141.8,161.8,120.0
1190,19:50,153.0,143.0,163.0,120.0
1191,19:51,151.4,141.4,161.4,120.0
1192,19:52,151.5,141.5,161.5,120.0
1193,19:53,151.8,141.8,161.8,120.0
1194,19:54,151.8,141.8,161.8,120.0
1195,19:55,150.6,140.6,160.6,120.0
1196,19:56,152.1,142.1,162.1,120.0
1197,19:57,151.4,141.4,161.4,120.0
1198,19:58,151.8,141.8,161.8,120.0
1199,19:59,153.3,143.3,163.3,120.0
1200,20:00,150.9,140.9,160.9,120.0
1201,20:01,151.0,141.0,161.0,120.0
1202,20:02,151.8,141.8,161.8,120.0
1203,20:03,152.0,142.0,162.0,120.0
1204,20:04,150.4,140.4,160.4,120.0
1205,20:05,151.7,141.7,161.7,120.0
1206,20:06,150.9,140.9,160.9,120.0
1207,20:07,153.3,143.3,163.3,120.0
1208,20:08,151.8,141.8,161.8,120.0
1209,20:09,152.3,142.3,162.3,120.0
1210,20:10,151.2,141.2,161.2,120.0
1211,20:11,151.5,141.5,161.5,120.0
1212,20:12,152.3,142.3,162.3,120.0
1213,20:13,150.8,140.8,160.8,120.0
1214,20:14,151.4,141.4,161.4,120.0
1215,20:15,150.5,140.5,160.5,120.0
1216,20:16,150.3,140.3,160.3,120.0
1217,20:17,152.7,142.7,162.7,120.0
1218,20:18,151.9,141.9,161.9,120.0
1219,20:19,153.8,143.8,163.8,120.0
1220,20:20,151.0,141.0,161.0,120.0
1221,20:21,151.0,141.0,161.0,120.0
1222,20:22,150.3,140.3,160.3,120.0
1223,20:23,151.9,141.9,161.9,120.0
1224,20:24,152.0,142.0,162.0,120.0
1225,20:25,152.7,142.7,162.7,120.0
1226,20:26,152.1,142.1,162.1,120.0
1227,20:27,152.0,142.0,162.0,120.0
1228,20:28,151.4,141.4,161.4,120.0
1229,20:29,152.2,142.2,162.2,120.0
1230,20:30,152.3,142.3,162.3,120.0
1231,20:31,152.2,142.2,162.2,120.0
1232,20:32,152.9,142.9,162.9,120.0
1233,20:33,151.5,141.5,161.5,120.0
1234,20:34,149.9,139.9,159.9,120.0
1235,20:35,153.5,143.5,163.5,120.0
1236,20:36,153.2,143.2,163.2,120.0
1237,20:37,151.8,141.8,161.8,120.0
1238,20:38,152.1,142.1,162.1,120.0
1239,20:39,151.6,141.6,161.6,120.0
1240,20:40,152.4,142.4,162.4,120.0
1241,20:41,150.9,140.9,160.9,120.0
1242,20:42,151.4,141.4,161.4,120.0
1243,20:43,153.6,143.6,163.6,120.0
1244,20:44,152.1,142.1,162.1,120.0
1245,20:45,152.7,142.7,162.7,120.0
1246,20:46,150.5,140.5,160.5,120.0
1247,20:47,152.1,142.1,162.1,120.0
1248,20:48,152.7,142.7,162.7,120.0
1249,20:49,149.9,139.9,159.9,120.0
1250,20:50,151.1,141.1,161.1,120.0
1251,20:51,152.3,142.3,162.3,120.0
1252,20:52,150.1,140.1,160.1,120.0
1253,20:53,151.9,141.9,161.9,120.0
1254,20:54,151.3,141.3,161.3,120.0
1255,20:55,152.1,142.1,162.1,120.0
1256,20:56,151.2,141.2,161.2,120.0
1257,20:57,151.4,141.4,161.4,120.0
1258,20:58,152.0,142.0,162.0,120.0
1259,20:59,151.3,141.3,161.3,120.0
1260,21:00,152.6,142.6,162.6,120.0
1261,21:01,149.9,139.9,159.9,120.0
1262,21:02,151.5,141.5,161.5,120.0
1263,21:03,152.3,142.3,162.3,120.0
1264,21:04,150.8,140.8,160.8,120.0
1265,21:05,151.5,141.5,161.5,120.0
1266,21:06,152.7,142.7,162.7,120.0
1267,21:07,151.6,141.6,161.6,120.0
1268,21:08,153.0,143.0,163.0,120.0
1269,21:09,151.3,141.3,161.3,120.0
1270,21:10,150.8,140.8,160.8,120.0
1271,21:11,152.8,142.8,162.8,120.0
1272,21:12,152.5,142.5,162.5,120.0
1273,21:13,153.6,143.6,163.6,120.0
1274,21:14,149.0,139.0,159.0,120.0
1275,21:15,152.6,142.6,162.6,120.0
1276,21:16,151.4,141.4,161.4,120.0
1277,21:17,151.1,141.1,161.1,120.0
1278,21:18,152.2,142.2,162.2,120.0
1279,21:19,152.0,142.0,162.0,120.0
1280,21:20,151.9,141.9,161.9,120.0
1281,21:21,152.0,142.0,162.0,120.0
1282,21:22,151.1,141.1,161.1,120.0
1283,21:23,151.4,141.4,161.4,120.0
1284,21:24,151.1,141.1,161.1,120.0
1285,21:25,150.6,140.6,160.6,120.0
1286,21:26,151.7,141.7,161.7,120.0
1287,21:27,151.4,141.4,161.4,120.0
1288,21:28,153.3,143.3,163.3,120.0
1289,21:29,151.0,141.0,161.0,120.0
1290,21:30,150.7,140.7,160.7,120.0
1291,21:31,152.5,142.5,162.5,120.0
1292,21:32,152.0,142.0,162.0,120.0
1293,21:33,152.8,142.8,162.8,120.0
1294,21:34,153.4,143.4,163.4,120.0
1295,21:35,152.6,142.6,162.6,120.0
1296,21:36,152.0,142.0,162.0,120.0
1297,21:37,151.7,141.7,161.7,120.0
1298,21:38,150.9,140.9,160.9,120.0
1299,21:39,152.6,142.6,162.6,120.0
1300,21:40,151.3,141.3,161.3,120.0
1301,21:41,151.9,141.9,161.9,120.0
1302,21:42,150.8,140.8,160.8,120.0
1303,21:43,151.6,141.6,161.6,120.0
1304,21:44,150.5,140.5,160.5,120.0
1305,21:45,150.1,140.1,160.1,120.0
1306,21:46,151.2,141.2,161.2,120.0
1307,21:47,153.6,143.6,163.6,120.0
1308,21:48,151.3,141.3,161.3,120.0
1309,21:49,151.6,141.6,161.6,120.0
1310,21:50,153.0,143.0,163.0,120.0
1311,21:51,152.1,142.1,162.1,120.0
1312,21:52,150.0,140.0,160.0,120.0
1313,21:53,150.7,140.7,160.7,120.0
1314,21:54,151.0,141.0,161.0,120.0
1315,21:55,151.3,141.3,161.3,120.0
1316,21:56,151.2,141.2,161.2,120.0
1317,21:57,150.9,140.9,160.9,120.0
1318,21:58,151.5,141.5,161.5,120.0
1319,21:59,151.2,141.2,161.2,120.0
1320,22:00,152.0,142.0,162.0,120.0
1321,22:01,150.9,140.9,160.9,120.0
1322,22:02,152.0,142.0,162.0,120.0
1323,22:03,152.1,142.1,162.1,120.0
1324,22:04,152.5,142.5,162.5,120.0
1325,22:05,151.2,141.2,161.2,120.0
1326,22:06,151.2,141.2,161.2,120.0
1327,22:07,150.6,140.6,160.6,120.0
1328,22:08,151.1,141.1,161.1,120.0
1329,22:09,152.2,142.2,162.2,120.0
1330,22:10,150.1,140.1,160.1,120.0
1331,22:11,151.9,141.9,161.9,120.0
1332,22:12,150.0,140.0,160.0,120.0
1333,22:13,151.8,141.8,161.8,120.0
1334,22:14,151.6,141.6,161.6,120.0
1335,22:15,152.0,142.0,162.0,120.0
1336,22:16,151.9,141.9,161.9,120.0
1337,22:17,151.3,141.3,161.3,120.0
1338,22:18,151.9,141.9,161.9,120.0
1339,22:19,151.3,141.3,161.3,120.0
1340,22:20,152.8,142.8,162.8,120.0
1341,22:21,152.0,142.0,162.0,120.0
1342,22:22,151.7,141.7,161.7,120.0
1343,22:23,152.9,142.9,162.9,120.0
1344,22:24,152.6,142.6,162.6,120.0
1345,22:25,150.3,140.3,160.3,120.0
1346,22:26,151.5,141.5,161.5,120.0
1347,22:27,154.4,144.4,164.4,120.0
1348,22:28,151.4,141.4,161.4,120.0
1349,22:29,151.4,141.4,161.4,120.0
1350,22:30,151.9,141.9,161.9,120.0
1351,22:31,151.9,141.9,161.9,120.0
1352,22:32,152.0,142.0,162.0,120.0
1353,22:33,150.6,140.6,160.6,120.0
1354,22:34,150.5,140.5,160.5,120.0
1355,22:35,149.6,139.6,159.6,120.0
1356,22:36,152.1,142.1,162.1,120.0
1357,22:37,150.8,140.8,160.8,120.0
1358,22:38,151.0,141.0,161.0,120.0
1359,22:39,150.0,140.0,160.0,120.0
1360,22:40,151.5,141.5,161.5,120.0
1361,22:41,152.5,142.5,162.5,120.0
1362,22:42,151.1,141.1,161.1,120.0
1363,22:43,150.0,140.0,160.0,120.0
1364,22:44,151.2,141.2,161.2,120.0
1365,22:45,151.5,141.5,161.5,120.0
1366,22:46,152.0,142.0,162.0,120.0
1367,22:47,151.8,141.8,161.8,120.0
1368,22:48,152.5,142.5,162.5,120.0
1369,22:49,151.3,141.3,161.3,120.0
1370,22:50,153.6,143.6,163.6,120.0
1371,22:51,151.4,141.4,161.4,120.0
1372,22:52,152.3,142.3,162.3,120.0
1373,22:53,151.0,141.0,161.0,120.0
1374,22:54,150.2,140.2,160.2,120.0
1375,22:55,151.5,141.5,161.5,120.0
1376,22:56,152.3,142.3,162.3,120.0
1377,22:57,150.5,140.5,160.5,120.0
1378,22:58,152.3,142.3,162.3,120.0
1379,22:59,150.6,140.6,160.6,120.0
1380,23:00,151.1,141.1,161.1,120.0
1381,23:01,152.3,142.3,162.3,120.0
1382,23:02,149.7,139.7,159.7,120.0
1383,23:03,152.1,142.1,162.1,120.0
1384,23:04,151.5,141.5,161.5,120.0
1385,23:05,153.1,143.1,163.1,120.0
1386,23:06,150.6,140.6,160.6,120.0
1387,23:07,153.4,143.4,163.4,120.0
1388,23:08,148.4,138.4,158.4,120.0
1389,23:09,151.7,141.7,161.7,120.0
1390,23:10,150.5,140.5,160.5,120.0
1391,23:11,153.0,143.0,163.0,120.0
1392,23:12,150.8,140.8,160.8,120.0
1393,23:13,151.8,141.8,161.8,120.0
1394,23:14,152.8,142.8,162.8,120.0
1395,23:15,151.6,141.6,161.6,120.0
1396,23:16,151.6,141.6,161.6,120.0
1397,23:17,150.4,140.4,160.4,120.0
1398,23:18,151.8,141.8,161.8,120.0
1399,23:19,151.2,141.2,161.2,120.0
1400,23:20,152.6,142.6,162.6,120.0
1401,23:21,153.1,143.1,163.1,120.0
1402,23:22,149.6,139.6,159.6,120.0
1403,23:23,151.2,141.2,161.2,120.0
1404,23:24,152.6,142.6,162.6,120.0
1405,23:25,152.1,142.1,162.1,120.0
1406,23:26,150.8,140.8,160.8,120.0
1407,23:27,150.7,140.7,160.7,120.0
1408,23:28,151.2,141.2,161.2,120.0
1409,23:29,152.0,142.0,162.0,120.0
1410,23:30,153.1,143.1,163.1,120.0
1411,23:31,150.3,140.3,160.3,120.0
1412,23:32,151.4,141.4,161.4,120.0
1413,23:33,151.3,141.3,161.3,120.0
1414,23:34,151.9,141.9,161.9,120.0
1415,23:35,151.5,141.5,161.5,120.0
1416,23:36,151.2,141.2,161.2,120.0
1417,23:37,153.3,143.3,163.3,120.0
1418,23:38,150.4,140.4,160.4,120.0
1419,23:39,151.5,141.5,161.5,120.0
1420,23:40,151.4,141.4,161.4,120.0
1421,23:41,152.8,142.8,162.8,120.0
1422,23:42,152.7,142.7,162.7,120.0
1423,23:43,152.2,142.2,162.2,120.0
1424,23:44,151.0,141.0,161.0,120.0
1425,23:45,152.4,142.4,162.4,120.0
1426,23:46,151.2,141.2,161.2,120.0
1427,23:47,149.8,139.8,159.8,120.0
1428,23:48,151.2,141.2,161.2,120.0
1429,23:49,150.9,140.9,160.9,120.0
1430,23:50,152.0,142.0,162.0,120.0
1431,23:51,152.1,142.1,162.1,120.0
1432,23:52,152.7,142.7,162.7,120.0
1433,23:53,151.2,141.2,161.2,120.0
1434,23:54,151.5,141.5,161.5,120.0
1435,23:55,153.1,143.1,163.1,120.0
1436,23:56,150.9,140.9,160.9,120.0
1437,23:57,151.3,141.3,161.3,120.0
1438,23:58,153.1,143.1,163.1,120.0
1439,23:59,150.7,140.7,160.7,120.0
1440,24:00,151.2,141.2,161.2,120.0
1441,24:01,150.5,140.5,160.5,120.0
1442,24:02,152.9,142.9,162.9,120.0
1443,24:03,151.0,141.0,161.0,120.0
1444,24:04,151.2,141.2,161.2,120.0
1445,24:05,151.1,141.1,161.1,120.0
1446,24:06,152.6,142.6,162.6,120.0
1447,24:07,150.9,140.9,160.9,120.0
1448,24:08,153.4,143.4,163.4,120.0
1449,24:09,151.0,141.0,161.0,120.0
1450,24:10,149.7,139.7,159.7,120.0
1451,24:11,151.8,141.8,161.8,120.0
1452,24:12,151.0,141.0,161.0,120.0
1453,24:13,152.1,142.1,162.1,120.0
1454,24:14,150.4,140.4,160.4,120.0
1455,24:15,150.2,140.2,160.2,120.0
1456,24:16,152.4,142.4,162.4,120.0
1457,24:17,150.5,140.5,160.5,120.0
1458,24:18,151.8,141.8,161.8,120.0
1459,24:19,150.7,140.7,160.7,120.0
1460,24:20,151.3,141.3,161.3,120.0
1461,24:21,151.2,141.2,161.2,120.0
1462,24:22,151.8,141.8,161.8,120.0
1463,24:23,152.1,142.1,162.1,120.0
1464,24:24,150.8,140.8,160.8,120.0
1465,24:25,150.0,140.0,160.0,120.0
1466,24:26,152.2,142.2,162.2,120.0
1467,24:27,152.0,142.0,162.0,120.0
1468,24:28,151.7,141.7,161.7,120.0
1469,24:29,151.6,141.6,161.6,120.0
1470,24:30,150.4,140.4,160.4,120.0
1471,24:31,151.6,141.6,161.6,120.0
1472,24:32,150.9,140.9,160.9,120.0
1473,24:33,150.2,140.2,160.2,120.0
1474,24:34,151.6,141.6,161.6,120.0
1475,24:35,152.4,142.4,162.4,120.0
1476,24:36,151.7,141.7,161.7,120.0
1477,24:37,151.0,141.0,161.0,120.0
1478,24:38,151.6,141.6,161.6,120.0
1479,24:39,150.9,140.9,160.9,120.0
1480,24:40,150.5,140.5,160.5,120.0
1481,24:41,152.6,142.6,162.6,120.0
1482,24:42,152.1,142.1,162.1,120.0
1483,24:43,150.9,140.9,160.9,120.0
1484,24:44,150.6,140.6,160.6,120.0
1485,24:45,152.7,142.7,162.7,120.0
1486,24:46,151.8,141.8,161.8,120.0
1487,24:47,152.6,142.6,162.6,120.0
1488,24:48,152.9,142.9,162.9,120.0
1489,24:49,152.3,142.3,162.3,120.0
1490,24:50,150.6,140.6,160.6,120.0
1491,24:51,149.9,139.9,159.9,120.0
1492,24:52,151.6,141.6,161.6,120.0
1493,24:53,152.8,142.8,162.8,120.0
1494,24:54,152.4,142.4,162.4,120.0
1495,24:55,150.8,140.8,160.8,120.0
1496,24:56,150.4,140.4,160.4,120.0
1497,24:57,151.0,141.0,161.0,120.0
1498,24:58,150.7,140.7,160.7,120.0
1499,24:59,149.6,139.6,159.6,120.0
1500,25:00,151.8,141.8,161.8,120.0
1501,25:01,150.5,140.5,160.5,120.0
1502,25:02,153.4,143.4,163.4,120.0
1503,25:03,151.7,141.7,161.7,120.0
1504,25:04,151.8,141.8,161.8,120.0
1505,25:05,151.6,141.6,161.6,120.0
1506,25:06,151.5,141.5,161.5,120.0
1507,25:07,149.5,139.5,159.5,120.0
1508,25:08,151.0,141.0,161.0,120.0
1509,25:09,152.3,142.3,162.3,120.0
1510,25:10,151.4,141.4,161.4,120.0
1511,25:11,152.0,142.0,162.0,120.0
1512,25:12,152.4,142.4,162.4,120.0
1513,25:13,153.3,143.3,163.3,120.0
1514,25:14,153.5,143.5,163.5,120.0
1515,25:15,151.5,141.5,161.5,120.0
1516,25:16,150.5,140.5,160.5,120.0
1517,25:17,151.4,141.4,161.4,120.0
1518,25:18,151.8,141.8,161.8,120.0
1519,25:19,152.4,142.4,162.4,120.0
1520,25:20,149.8,139.8,159.8,120.0
1521,25:21,152.2,142.2,162.2,120.0
1522,25:22,151.1,141.1,161.1,120.0
1523,25:23,151.6,141.6,161.6,120.0
1524,25:24,151.7,141.7,161.7,120.0
1525,25:25,152.3,142.3,162.3,120.0
1526,25:26,151.9,141.9,161.9,120.0
1527,25:27,151.1,141.1,161.1,120.0
1528,25:28,150.9,140.9,160.9,120.0
1529,25:29,154.1,144.1,164.1,120.0
1530,25:30,151.4,141.4,161.4,120.0
1531,25:31,151.0,141.0,161.0,120.0
1532,25:32,153.4,143.4,163.4,120.0
1533,25:33,152.2,142.2,162.2,120.0
1534,25:34,153.7,143.7,163.7,120.0
1535,25:35,153.0,143.0,163.0,120.0
1536,25:36,151.6,141.6,161.6,120.0
1537,25:37,151.7,141.7,161.7,120.0
1538,25:38,151.6,141.6,161.6,120.0
1539,25:39,151.5,141.5,161.5,120.0
1540,25:40,151.0,141.0,161.0,120.0
1541,25:41,152.6,142.6,162.6,120.0
1542,25:42,150.7,140.7,160.7,120.0
1543,25:43,152.5,142.5,162.5,120.0
1544,25:44,152.8,142.8,162.8,120.0
1545,25:45,150.0,140.0,160.0,120.0
1546,25:46,150.3,140.3,160.3,120.0
1547,25:47,150.4,140.4,160.4,120.0
1548,25:48,150.6,140.6,160.6,120.0
1549,25:49,150.8,140.8,160.8,120.0
1550,25:50,150.6,140.6,160.6,120.0
1551,25:51,152.1,142.1,162.1,120.0
1552,25:52,151.9,141.9,161.9,120.0
1553,25:53,151.1,141.1,161.1,120.0
1554,25:54,151.9,141.9,161.9,120.0
1555,25:55,153.0,143.0,163.0,120.0
1556,25:56,151.8,141.8,161.8,120.0
1557,25:57,153.5,143.5,163.5,120.0
1558,25:58,151.6,141.6,161.6,120.0
1559,25:59,151.1,141.1,161.1,120.0
1560,26:00,151.1,141.1,161.1,120.0
1561,26:01,153.7,143.7,163.7,120.0
1562,26:02,152.9,142.9,162.9,120.0
1563,26:03,151.1,141.1,161.1,120.0
1564,26:04,151.9,141.9,161.9,120.0
1565,26:05,150.5,140.5,160.5,120.0
1566,26:06,152.0,142.0,162.0,120.0
1567,26:07,151.5,141.5,161.5,120.0
1568,26:08,153.3,143.3,163.3,120.0
1569,26:09,151.6,141.6,161.6,120.0
1570,26:10,150.6,140.6,160.6,120.0
1571,26:11,150.1,140.1,160.1,120.0
1572,26:12,151.8,141.8,161.8,120.0
1573,26:13,151.5,141.5,161.5,120.0
1574,26:14,150.6,140.6,160.6,120.0
1575,26:15,152.5,142.5,162.5,120.0
1576,26:16,152.2,142.2,162.2,120.0
1577,26:17,153.3,143.3,163.3,120.0
1578,26:18,152.4,142.4,162.4,120.0
1579,26:19,151.4,141.4,161.4,120.0
1580,26:20,151.2,141.2,161.2,120.0
1581,26:21,150.8,140.8,160.8,120.0
1582,26:22,152.7,142.7,162.7,120.0
1583,26:23,151.7,141.7,161.7,120.0
1584,26:24,153.7,143.7,163.7,120.0
1585,26:25,152.4,142.4,162.4,120.0
1586,26:26,152.6,142.6,162.6,120.0
1587,26:27,153.1,143.1,163.1,120.0
1588,26:28,151.3,141.3,161.3,120.0
1589,26:29,151.3,141.3,161.3,120.0
1590,26:30,151.3,141.3,161.3,120.0
1591,26:31,152.0,142.0,162.0,120.0
1592,26:32,152.5,142.5,162.5,120.0
1593,26:33,150.9,140.9,160.9,120.0
1594,26:34,152.4,142.4,162.4,120.0
1595,26:35,150.6,140.6,160.6,120.0
1596,26:36,152.0,142.0,162.0,120.0
1597,26:37,150.9,140.9,160.9,120.0
1598,26:38,151.3,141.3,161.3,120.0
1599,26:39,150.2,140.2,160.2,120.0
1600,26:40,150.9,140.9,160.9,120.0
1601,26:41,150.7,140.7,160.7,120.0
1602,26:42,151.4,141.4,161.4,120.0
1603,26:43,152.7,142.7,162.7,120.0
1604,26:44,150.9,140.9,160.9,120.0
1605,26:45,151.1,141.1,161.1,120.0
1606,26:46,151.5,141.5,161.5,120.0
1607,26:47,151.3,141.3,161.3,120.0
1608,26:48,152.8,142.8,162.8,120.0
1609,26:49,152.9,142.9,162.9,120.0
1610,26:50,151.7,141.7,161.7,120.0
1611,26:51,153.4,143.4,163.4,120.0
1612,26:52,150.6,140.6,160.6,120.0
1613,26:53,150.9,140.9,160.9,120.0
1614,26:54,153.5,143.5,163.5,120.0
1615,26:55,151.3,141.3,161.3,120.0
1616,26:56,151.9,141.9,161.9,120.0
1617,26:57,151.6,141.6,161.6,120.0
1618,26:58,151.8,141.8,161.8,120.0
1619,26:59,151.2,141.2,161.2,120.0
1620,27:00,151.9,141.9,161.9,120.0
1621,27:01,151.7,141.7,161.7,120.0
1622,27:02,150.7,140.7,160.7,120.0
1623,27:03,151.0,141.0,161.0,120.0
1624,27:04,150.4,140.4,160.4,120.0
1625,27:05,151.2,141.2,161.2,120.0
1626,27:06,150.5,140.5,160.5,120.0
1627,27:07,152.2,142.2,162.2,120.0
1628,27:08,153.1,143.1,163.1,120.0
1629,27:09,150.7,140.7,160.7,120.0
1630,27:10,151.9,141.9,161.9,120.0
1631,27:11,151.0,141.0,161.0,120.0
1632,27:12,151.7,141.7,161.7,120.0
1633,27:13,152.4,142.4,162.4,120.0
1634,27:14,153.1,143.1,163.1,120.0
1635,27:15,152.6,142.6,162.6,120.0
1636,27:16,152.8,142.8,162.8,120.0
1637,27:17,151.0,141.0,161.0,120.0
1638,27:18,153.2,143.2,163.2,120.0
1639,27:19,151.2,141.2,161.2,120.0
1640,27:20,152.1,142.1,162.1,120.0
1641,27:21,153.0,143.0,163.0,120.0
1642,27:22,152.9,142.9,162.9,120.0
1643,27:23,149.0,139.0,159.0,120.0
1644,27:24,151.4,141.4,161.4,120.0
1645,27:25,152.9,142.9,162.9,120.0
1646,27:26,150.0,140.0,160.0,120.0
1647,27:27,152.6,142.6,162.6,120.0
1648,27:28,152.5,142.5,162.5,120.0
1649,27:29,152.5,142.5,162.5,120.0
1650,27:30,150.5,140.5,160.5,120.0
1651,27:31,152.3,142.3,162.3,120.0
1652,27:32,152.5,142.5,162.5,120.0
1653,27:33,153.7,143.7,163.7,120.0
1654,27:34,153.7,143.7,163.7,120.0
1655,27:35,152.3,142.3,162.3,120.0
1656,27:36,152.9,142.9,162.9,120.0
1657,27:37,153.7,143.7,163.7,120.0
1658,27:38,151.7,141.7,161.7,120.0
1659,27:39,151.2,141.2,161.2,120.0
1660,27:40,151.8,141.8,161.8,120.0
1661,27:41,151.9,141.9,161.9,120.0
1662,27:42,152.4,142.4,162.4,120.0
1663,27:43,151.5,141.5,161.5,120.0
1664,27:44,150.8,140.8,160.8,120.0
1665,27:45,152.1,142.1,162.1,120.0
1666,27:46,151.2,141.2,161.2,120.0
1667,27:47,153.3,143.3,163.3,120.0
1668,27:48,151.8,141.8,161.8,120.0
1669,27:49,151.6,141.6,161.6,120.0
1670,27:50,153.0,143.0,163.0,120.0
1671,27:51,150.5,140.5,160.5,120.0
1672,27:52,152.6,142.6,162.6,120.0
1673,27:53,151.2,141.2,161.2,120.0
1674,27:54,152.9,142.9,162.9,120.0
1675,27:55,151.5,141.5,161.5,120.0
1676,27:56,151.5,141.5,161.5,120.0
1677,27:57,152.1,142.1,162.1,120.0
1678,27:58,151.4,141.4,161.4,120.0
1679,27:59,152.1,142.1,162.1,120.0
1680,28:00,153.3,143.3,163.3,120.0
1681,28:01,150.5,140.5,160.5,120.0
1682,28:02,150.8,140.8,160.8,120.0
1683,28:03,150.3,140.3,160.3,120.0
1684,28:04,151.7,141.7,161.7,120.0
1685,28:05,151.8,141.8,161.8,120.0
1686,28:06,151.6,141.6,161.6,120.0
1687,28:07,152.4,142.4,162.4,120.0
1688,28:08,151.5,141.5,161.5,120.0
1689,28:09,150.9,140.9,160.9,120.0
1690,28:10,152.6,142.6,162.6,120.0
1691,28:11,151.2,141.2,161.2,120.0
1692,28:12,152.1,142.1,162.1,120.0
1693,28:13,153.2,143.2,163.2,120.0
1694,28:14,153.6,143.6,163.6,120.0
1695,28:15,151.9,141.9,161.9,120.0
1696,28:16,152.1,142.1,162.1,120.0
1697,28:17,152.6,142.6,162.6,120.0
1698,28:18,150.4,140.4,160.4,120.0
1699,28:19,152.3,142.3,162.3,120.0
1700,28:20,151.6,141.6,161.6,120.0
1701,28:21,152.2,142.2,162.2,120.0
1702,28:22,150.9,140.9,160.9,120.0
1703,28:23,151.9,141.9,161.9,120.0
1704,28:24,150.6,140.6,160.6,120.0
1705,28:25,150.4,140.4,160.4,120.0
1706,28:26,151.8,141.8,161.8,120.0
1707,28:27,151.5,141.5,161.5,120.0
1708,28:28,152.5,142.5,162.5,120.0
1709,28:29,151.6,141.6,161.6,120.0
1710,28:30,151.8,141.8,161.8,120.0
1711,28:31,150.7,140.7,160.7,120.0
1712,28:32,153.1,143.1,163.1,120.0
1713,28:33,149.8,139.8,159.8,120.0
1714,28:34,151.1,141.1,161.1,120.0
1715,28:35,151.2,141.2,161.2,120.0
1716,28:36,151.6,141.6,161.6,120.0
1717,28:37,151.1,141.1,161.1,120.0
1718,28:38,151.6,141.6,161.6,120.0
1719,28:39,150.0,140.0,160.0,120.0
1720,28:40,149.3,139.3,159.3,120.0
1721,28:41,149.3,139.3,159.3,120.0
1722,28:42,148.9,138.9,158.9,120.0
1723,28:43,148.6,138.6,158.6,120.0
1724,28:44,147.9,137.9,157.9,120.0
1725,28:45,148.4,138.4,158.4,120.0
1726,28:46,147.8,137.8,157.8,120.0
1727,28:47,146.7,136.7,156.7,120.0
1728,28:48,147.5,137.5,157.5,120.0
1729,28:49,146.2,136.2,156.2,120.0
1730,28:50,145.7,135.7,155.7,120.0
1731,28:51,146.0,136.0,156.0,120.0
1732,28:52,144.8,134.8,154.8,120.0
1733,28:53,145.6,135.6,155.6,120.0
1734,28:54,143.6,133.6,153.6,120.0
1735,28:55,144.1,134.1,154.1,120.0
1736,28:56,145.1,135.1,155.1,120.0
1737,28:57,143.7,133.7,153.7,120.0
1738,28:58,143.4,133.4,153.4,120.0
1739,28:59,144.0,134.0,154.0,120.0
1740,29:00,142.6,132.6,152.6,120.0
1741,29:01,143.1,133.1,153.1,120.0
1742,29:02,143.0,133.0,153.0,120.0
1743,29:03,142.3,132.3,152.3,120.0
1744,29:04,141.0,131.0,151.0,120.0
1745,29:05,141.1,131.1,151.1,120.0
1746,29:06,142.5,132.5,152.5,120.0
1747,29:07,140.5,130.5,150.5,120.0
1748,29:08,142.0,132.0,152.0,120.0
1749,29:09,141.0,131.0,151.0,120.0
1750,29:10,140.1,130.1,150.1,120.0
1751,29:11,139.7,129.7,149.7,120.0
1752,29:12,139.0,129.0,149.0,120.0
1753,29:13,138.9,128.9,148.9,120.0
1754,29:14,138.2,128.2,148.2,120.0
1755,29:15,138.2,128.2,148.2,120.0
1756,29:16,137.3,127.3,147.3,120.0
1757,29:17,137.0,127.0,147.0,120.0
1758,29:18,138.0,128.0,148.0,120.0
1759,29:19,136.2,126.2,146.2,120.0
1760,29:20,137.2,127.2,147.2,120.0
1761,29:21,135.5,125.5,145.5,120.0
1762,29:22,136.4,126.4,146.4,120.0
1763,29:23,135.7,125.7,145.7,120.0
1764,29:24,136.2,126.2,146.2,120.0
1765,29:25,135.1,125.1,145.1,120.0
1766,29:26,133.9,123.9,143.9,120.0
1767,29:27,134.5,124.5,144.5,120.0
1768,29:28,134.4,124.4,144.4,120.0
1769,29:29,134.0,124.0,144.0,120.0
1770,29:30,134.0,124.0,144.0,120.0
1771,29:31,133.2,123.2,143.2,120.0
1772,29:32,132.5,122.5,142.5,120.0
1773,29:33,132.3,122.3,142.3,120.0
1774,29:34,132.3,122.3,142.3,120.0
1775,29:35,132.0,122.0,142.0,120.0
1776,29:36,133.2,123.2,143.2,120.0
1777,29:37,132.3,122.3,142.3,120.0
1778,29:38,131.7,121.7,141.7,120.0
1779,29:39,131.3,121.3,141.3,120.0
1780,29:40,131.0,121.0,141.0,120.0
1781,29:41,130.7,120.7,140.7,120.0
1782,29:42,130.3,120.3,140.3,120.0
1783,29:43,130.0,120.0,140.0,120.0
1784,29:44,128.6,118.6,138.6,120.0
1785,29:45,129.2,119.2,139.2,120.0
1786,29:46,129.0,119.0,139.0,120.0
1787,29:47,128.4,118.4,138.4,120.0
1788,29:48,128.3,118.3,138.3,120.0
1789,29:49,128.4,118.4,138.4,120.0
1790,29:50,128.4,118.4,138.4,120.0
1791,29:51,127.9,117.9,137.9,120.0
1792,29:52,127.8,117.8,137.8,120.0
1793,29:53,127.5,117.5,137.5,120.0
1794,29:54,126.7,116.7,136.7,120.0
1795,29:55,126.9,116.9,136.9,120.0
1796,29:56,125.5,115.5,135.5,120.0
1797,29:57,125.9,115.9,135.9,120.0
1798,29:58,125.5,115.5,135.5,120.0
1799,29:59,126.3,116.3,136.3,120.0
1800,30:00,125.4,115.4,135.4,120.0
1801,30:01,124.3,114.3,134.3,120.0
1802,30:02,125.0,115.0,135.0,120.0
1803,30:03,124.9,114.9,134.9,120.0
1804,30:04,124.1,114.1,134.1,120.0
1805,30:05,124.2,114.2,134.2,120.0
1806,30:06,122.4,112.4,132.4,120.0
1807,30:07,122.0,112.0,132.0,120.0
1808,30:08,122.5,112.5,132.5,120.0
1809,30:09,122.9,112.9,132.9,120.0
1810,30:10,123.3,113.3,133.3,120.0
1811,30:11,121.7,111.7,131.7,120.0
1812,30:12,121.6,111.6,131.6,120.0
1813,30:13,121.8,111.8,131.8,120.0
1814,30:14,121.3,111.3,131.3,120.0
1815,30:15,121.0,111.0,131.0,120.0
1816,30:16,120.8,110.8,130.8,120.0
1817,30:17,121.4,111.4,131.4,120.0
1818,30:18,121.0,111.0,131.0,120.0
1819,30:19,120.2,110.2,130.2,120.0
1820,30:20,120.8,110.8,130.8,120.0
1821,30:21,120.0,110.0,130.0,120.0
1822,30:22,120.0,110.0,130.0,120.0
1823,30:23,118.8,108.8,128.8,120.0
1824,30:24,118.6,108.6,128.6,120.0
1825,30:25,118.4,108.4,128.4,120.0
1826,30:26,118.4,108.4,128.4,120.0
1827,30:27,118.2,108.2,128.2,120.0
1828,30:28,118.1,108.1,128.1,120.0
1829,30:29,118.7,108.7,128.7,120.0
1830,30:30,117.8,107.8,127.8,120.0
1831,30:31,117.0,107.0,127.0,120.0
1832,30:32,117.0,107.0,127.0,120.0
1833,30:33,117.5,107.5,127.5,120.0
1834,30:34,116.9,106.9,126.9,120.0
1835,30:35,117.0,107.0,127.0,120.0
1836,30:36,115.8,105.8,125.8,120.0
1837,30:37,115.4,105.4,125.4,120.0
1838,30:38,115.2,105.2,125.2,120.0
1839,30:39,115.1,105.1,125.1,120.0
1840,30:40,114.5,104.5,124.5,120.0
1841,30:41,114.9,104.9,124.9,120.0
1842,30:42,114.7,104.7,124.7,120.0
1843,30:43,115.0,105.0,125.0,120.0
1844,30:44,113.2,103.2,123.2,120.0
1845,30:45,113.4,103.4,123.4,120.0
1846,30:46,114.0,104.0,124.0,120.0
1847,30:47,113.5,103.5,123.5,120.0
1848,30:48,113.2,103.2,123.2,120.0
1849,30:49,113.5,103.5,123.5,120.0
1850,30:50,112.2,102.2,122.2,120.0
1851,30:51,112.1,102.1,122.1,120.0
1852,30:52,111.8,101.8,121.8,120.0
1853,30:53,111.0,101.0,121.0,120.0
1854,30:54,111.8,101.8,121.8,120.0
1855,30:55,111.2,101.2,121.2,120.0
1856,30:56,110.9,100.9,120.9,120.0
1857,30:57,110.6,100.6,120.6,120.0
1858,30:58,110.8,100.8,120.8,120.0
1859,30:59,110.2,100.2,120.2,120.0
1860,31:00,110.5,100.5,120.5,120.0
1861,31:01,110.4,100.4,120.4,120.0
1862,31:02,109.8,99.8,119.8,120.0
1863,31:03,109.5,99.5,119.5,120.0
1864,31:04,109.6,99.6,119.6,120.0
1865,31:05,109.2,99.2,119.2,120.0
1866,31:06,109.7,99.7,119.7,120.0
1867,31:07,109.0,99.0,119.0,120.0
1868,31:08,109.1,99.1,119.1,120.0
1869,31:09,108.7,98.7,118.7,120.0
1870,31:10,107.5,97.5,117.5,120.0
1871,31:11,107.6,97.6,117.6,120.0
1872,31:12,107.7,97.7,117.7,120.0
1873,31:13,107.9,97.9,117.9,120.0
1874,31:14,108.2,98.2,118.2,120.0
1875,31:15,106.8,96.8,116.8,120.0
1876,31:16,106.9,96.9,116.9,120.0
1877,31:17,107.0,97.0,117.0,120.0
1878,31:18,106.4,96.4,116.4,120.0
1879,31:19,107.0,97.0,117.0,120.0
1880,31:20,105.3,95.3,115.3,120.0
1881,31:21,106.1,96.1,116.1,120.0
1882,31:22,105.9,95.9,115.9,120.0
1883,31:23,105.9,95.9,115.9,120.0
1884,31:24,105.2,95.2,115.2,120.0
1885,31:25,105.4,95.4,115.4,120.0
1886,31:26,104.6,94.6,114.6,120.0
1887,31:27,104.1,94.1,114.1,120.0
1888,31:28,103.8,93.8,113.8,120.0
1889,31:29,103.4,93.4,113.4,120.0
1890,31:30,103.7,93.7,113.7,120.0
1891,31:31,103.8,93.8,113.8,120.0
1892,31:32,103.4,93.4,113.4,120.0
1893,31:33,103.4,93.4,113.4,120.0
1894,31:34,103.7,93.7,113.7,120.0
1895,31:35,102.6,92.6,112.6,120.0
1896,31:36,103.8,93.8,113.8,120.0
1897,31:37,102.8,92.8,112.8,120.0
1898,31:38,102.2,92.2,112.2,120.0
1899,31:39,101.9,91.9,111.9,120.0
1900,31:40,101.3,91.3,111.3,120.0
1901,31:41,101.6,91.6,111.6,120.0
1902,31:42,100.4,90.4,110.4,120.0
1903,31:43,101.9,91.9,111.9,120.0
1904,31:44,99.6,89.6,109.6,120.0
1905,31:45,100.9,90.9,110.9,120.0
1906,31:46,100.1,90.1,110.1,120.0
1907,31:47,100.1,90.1,110.1,120.0
1908,31:48,100.0,90.0,110.0,120.0
1909,31:49,101.0,91.0,111.0,120.0
1910,31:50,99.3,89.3,109.3,120.0
1911,31:51,100.1,90.1,110.1,120.0
1912,31:52,100.1,90.1,110.1,120.0
1913,31:53,98.1,88.1,108.1,120.0
1914,31:54,98.8,88.8,108.8,120.0
1915,31:55,99.6,89.6,109.6,120.0
1916,31:56,98.1,88.1,108.1,120.0
1917,31:57,99.1,89.1,109.1,120.0
1918,31:58,98.3,88.3,108.3,120.0
1919,31:59,98.1,88.1,108.1,120.0
1920,32:00,98.0,88.0,108.0,120.0
1921,32:01,97.9,87.9,107.9,120.0
1922,32:02,97.1,87.1,107.1,120.0
1923,32:03,97.3,87.3,107.3,120.0
1924,32:04,97.4,87.4,107.4,120.0
1925,32:05,97.1,87.1,107.1,120.0
1926,32:06,97.0,87.0,107.0,120.0
1927,32:07,96.3,86.3,106.3,120.0
1928,32:08,96.8,86.8,106.8,120.0
1929,32:09,96.3,86.3,106.3,120.0
1930,32:10,95.3,85.3,105.3,120.0
1931,32:11,95.6,85.6,105.6,120.0
1932,32:12,95.3,85.3,105.3,120.0
1933,32:13,95.1,85.1,105.1,120.0
1934,32:14,95.1,85.1,105.1,120.0
1935,32:15,95.5,85.5,105.5,120.0
1936,32:16,94.7,84.7,104.7,120.0
1937,32:17,94.9,84.9,104.9,120.0
1938,32:18,94.7,84.7,104.7,120.0
1939,32:19,94.1,84.1,104.1,120.0
1940,32:20,94.1,84.1,104.1,120.0
1941,32:21,94.5,84.5,104.5,120.0
1942,32:22,94.0,84.0,104.0,120.0
1943,32:23,94.0,84.0,104.0,120.0
1944,32:24,94.2,84.2,104.2,120.0
1945,32:25,93.6,83.6,103.6,120.0
1946,32:26,92.3,82.3,102.3,120.0
1947,32:27,93.2,83.2,103.2,120.0
1948,32:28,92.6,82.6,102.6,120.0
1949,32:29,93.6,83.6,103.6,120.0
1950,32:30,92.7,82.7,102.7,120.0
1951,32:31,92.1,82.1,102.1,120.0
1952,32:32,92.5,82.5,102.5,120.0
1953,32:33,92.1,82.1,102.1,120.0
1954,32:34,91.0,81.0,101.0,120.0
1955,32:35,92.1,82.1,102.1,120.0
1956,32:36,91.3,81.3,101.3,120.0
1957,32:37,92.1,82.1,102.1,120.0
1958,32:38,91.1,81.1,101.1,120.0
1959,32:39,91.7,81.7,101.7,120.0
1960,32:40,91.0,81.0,101.0,120.0
1961,32:41,91.2,81.2,101.2,120.0
1962,32:42,90.3,80.3,100.3,120.0
1963,32:43,90.5,80.5,100.5,120.0
1964,32:44,89.3,79.3,99.3,120.0
1965,32:45,89.9,79.9,99.9,120.0
1966,32:46,89.1,79.1,99.1,120.0
1967,32:47,89.1,79.1,99.1,120.0
1968,32:48,89.1,79.1,99.1,120.0
1969,32:49,89.7,79.7,99.7,120.0
1970,32:50,89.1,79.1,99.1,120.0
1971,32:51,89.0,79.0,99.0,120.0
1972,32:52,88.8,78.8,98.8,120.0
1973,32:53,89.2,79.2,99.2,120.0
1974,32:54,88.5,78.5,98.5,120.0
1975,32:55,88.5,78.5,98.5,120.0
1976,32:56,87.9,77.9,97.9,120.0
1977,32:57,88.6,78.6,98.6,120.0
1978,32:58,88.5,78.5,98.5,120.0
1979,32:59,87.7,77.7,97.7,120.0
1980,33:00,87.3,77.3,97.3,120.0
1981,33:01,86.6,76.6,96.6,120.0
1982,33:02,86.8,76.8,96.8,120.0
1983,33:03,86.0,76.0,96.0,120.0
1984,33:04,86.5,76.5,96.5,120.0
1985,33:05,87.0,77.0,97.0,120.0
1986,33:06,86.6,76.6,96.6,120.0
1987,33:07,87.7,77.7,97.7,120.0
1988,33:08,86.2,76.2,96.2,120.0
1989,33:09,86.0,76.0,96.0,120.0
1990,33:10,86.6,76.6,96.6,120.0
1991,33:11,84.9,74.9,94.9,120.0
1992,33:12,85.0,75.0,95.0,120.0
1993,33:13,85.9,75.9,95.9,120.0
1994,33:14,85.3,75.3,95.3,120.0
1995,33:15,85.2,75.2,95.2,120.0
1996,33:16,84.7,74.7,94.7,120.0
1997,33:17,85.1,75.1,95.1,120.0
1998,33:18,84.4,74.4,94.4,120.0
1999,33:19,84.7,74.7,94.7,120.0
2000,33:20,83.9,73.9,93.9,120.0
2001,33:21,84.3,74.3,94.3,120.0
2002,33:22,85.2,75.2,95.2,120.0
2003,33:23,83.9,73.9,93.9,120.0
2004,33:24,83.9,73.9,93.9,120.0
2005,33:25,83.7,73.7,93.7,120.0
2006,33:26,83.7,73.7,93.7,120.0
2007,33:27,83.7,73.7,93.7,120.0
2008,33:28,83.5,73.5,93.5,120.0
2009,33:29,83.3,73.3,93.3,120.0
2010,33:30,83.0,73.0,93.0,120.0
2011,33:31,83.0,73.0,93.0,120.0
2012,33:32,82.7,72.7,92.7,120.0
2013,33:33,81.7,71.7,91.7,120.0
2014,33:34,83.8,73.8,93.8,120.0
2015,33:35,82.7,72.7,92.7,120.0
2016,33:36,81.7,71.7,91.7,120.0
2017,33:37,82.2,72.2,92.2,120.0
2018,33:38,81.2,71.2,91.2,120.0
2019,33:39,81.5,71.5,91.5,120.0
2020,33:40,80.9,70.9,90.9,120.0
2021,33:41,81.5,71.5,91.5,120.0
2022,33:42,80.6,70.6,90.6,120.0
2023,33:43,81.4,71.4,91.4,120.0
2024,33:44,81.4,71.4,91.4,120.0
2025,33:45,80.5,70.5,90.5,120.0
2026,33:46,80.9,70.9,90.9,120.0
2027,33:47,80.2,70.2,90.2,120.0
2028,33:48,80.8,70.8,90.8,120.0
2029,33:49,80.1,70.1,90.1,120.0
2030,33:50,80.7,70.7,90.7,120.0
2031,33:51,79.2,69.2,89.2,120.0
2032,33:52,79.5,69.5,89.5,120.0
2033,33:53,79.3,69.3,89.3,120.0
2034,33:54,79.8,69.8,89.8,120.0
2035,33:55,79.9,69.9,89.9,120.0
2036,33:56,79.6,69.6,89.6,120.0
2037,33:57,79.1,69.1,89.1,120.0
2038,33:58,77.8,67.8,87.8,120.0
2039,33:59,79.1,69.1,89.1,120.0
2040,34:00,79.3,69.3,89.3,120.0
2041,34:01,80.1,70.1,90.1,120.0
2042,34:02,78.4,68.4,88.4,120.0
2043,34:03,78.2,68.2,88.2,120.0
2044,34:04,78.6,68.6,88.6,120.0
2045,34:05,78.1,68.1,88.1,120.0
2046,34:06,78.8,68.8,88.8,120.0
2047,34:07,77.6,67.6,87.6,120.0
2048,34:08,77.8,67.8,87.8,120.0
2049,34:09,78.2,68.2,88.2,120.0
2050,34:10,77.8,67.8,87.8,120.0
2051,34:11,78.1,68.1,88.1,120.0
2052,34:12,77.2,67.2,87.2,120.0
2053,34:13,77.9,67.9,87.9,120.0
2054,34:14,76.3,66.3,86.3,120.0
2055,34:15,76.2,66.2,86.2,120.0
2056,34:16,77.5,67.5,87.5,120.0
2057,34:17,76.7,66.7,86.7,120.0
2058,34:18,77.1,67.1,87.1,120.0
2059,34:19,76.5,66.5,86.5,120.0
2060,34:20,76.4,66.4,86.4,120.0
2061,34:21,75.6,65.6,85.6,120.0
2062,34:22,76.1,66.1,86.1,120.0
2063,34:23,76.7,66.7,86.7,120.0
2064,34:24,75.9,65.9,85.9,120.0
2065,34:25,76.1,66.1,86.1,120.0
2066,34:26,76.0,66.0,86.0,120.0
2067,34:27,75.0,65.0,85.0,120.0
2068,34:28,75.8,65.8,85.8,120.0
2069,34:29,75.1,65.1,85.1,120.0
2070,34:30,75.0,65.0,85.0,120.0
2071,34:31,76.1,66.1,86.1,120.0
2072,34:32,75.2,65.2,85.2,120.0
2073,34:33,74.5,64.5,84.5,120.0
2074,34:34,74.7,64.7,84.7,120.0
2075,34:35,74.6,64.6,84.6,120.0
2076,34:36,75.3,65.3,85.3,120.0
2077,34:37,74.3,64.3,84.3,120.0
2078,34:38,75.3,65.3,85.3,120.0
2079,34:39,73.4,63.4,83.4,120.0
2080,34:40,73.9,63.9,83.9,120.0
2081,34:41,73.5,63.5,83.5,120.0
2082,34:42,73.5,63.5,83.5,120.0
2083,34:43,73.4,63.4,83.4,120.0
2084,34:44,73.1,63.1,83.1,120.0
2085,34:45,74.2,64.2,84.2,120.0
2086,34:46,74.0,64.0,84.0,120.0
2087,34:47,73.3,63.3,83.3,120.0
2088,34:48,72.8,62.8,82.8,120.0
2089,34:49,72.6,62.6,82.6,120.0
2090,34:50,73.2,63.2,83.2,120.0
2091,34:51,72.8,62.8,82.8,120.0
2092,34:52,72.5,62.5,82.5,120.0
2093,34:53,72.7,62.7,82.7,120.0
2094,34:54,72.8,62.8,82.8,120.0
2095,34:55,72.2,62.2,82.2,120.0
2096,34:56,71.7,61.7,81.7,120.0
2097,34:57,71.4,61.4,81.4,120.0
2098,34:58,72.0,62.0,82.0,120.0
2099,34:59,72.9,62.9,82.9,120.0
